dbn,school,total_enrollment,amount_owed,district_name,district_no,assembly_district,senate_district
,PS 256,412,1098769.33,District 75,75,015,5
,PS 43,974,2597576.04,District 27,27,023,10
,PS 47 CHRIS GALAS,205,546717.75,District 27,27,023,15
,MS 53 BRIAN PICCOLO,347,925419.80,District 27,27,023,10
,PS 63 OLD SOUTH,1323,3528329.68,District 27,27,023,15
,PS 104 THE BAYS WATER,590,1573480.35,District 27,27,023,10
,PS 106,211,562719.25,District 27,27,023,15
,PS/MS 114 BELLE HARBOR,666,1776165.96,District 27,27,023,15
,MS 137 AMERICA'S SCHOOL-HEROES,1918,5115144.61,District 27,27,023,15
,PS 146 HOWARD BEACH,672,1792167.45,District 27,27,023,15
,PS 197 THE OCEAN SCHOOL,474,1264118.12,District 27,27,023,15
,JHS 202 ROBERT H GODDARD,1026,2736255.67,District 27,27,023,15
,PS 207 ROCKWOOD PARK,702,1872174.93,District 27,27,023,15
,PS 232 LINDENWOOD,1065,2840265.39,District 27,27,023,15
,KAPPA VI,263,701398.87,District 27,27,023,10
,WATERSIDE CHILDREN'S STUDIO SCHOOL,379,1010761.11,District 27,27,023,15
,WATERSIDE SCHOOL FOR LEADESHIP,176,469377.19,District 27,27,023,15
,VILLAGE ACADEMY,325,866747.65,District 27,27,023,10
,SCHOLARS' ACADEMY,1251,3336311.74,District 27,27,023,15
,FREDERICK DOUGLASS ACAD VI HS,404,1077434.01,District 27,27,023,10
,CHANNEL VIEW SCHOOL FOR RESEARCH,641,1709493.06,District 27,27,023,15
,QUEENS HS FOR INFOR AND RESEARCH,318,848079.24,District 27,27,023,10
,ROBERT H GODDARD HS-COMM/TECH,603,1608150.26,District 27,27,023,15
,ACADEMY OF MEDICAL TECHNOLOGY,620,1653487.83,District 27,27,023,10
,ROCKAWAY PARK HS-ENVIORNMENT SUSTAIN,348,928086.72,District 27,27,023,15
,ROCKAWAY COLLEGIATE HIGH SCHOOL,312,832077.75,District 27,27,023,15
,BEACH CHANNEL HIGH SCHOOL,133,354699.81,District 27,27,023,15
,JOHN ADAMS HIGH SCHOOL,2778,7408692.25,District 27,27,023,15
,PS 23 AT QUEENS CHILDREN CTR,309,824077.00,District 75,75,024,11
,PS 18 WINCHESTER,588,1568146.52,District 26,26,024,11
,PS 115 GLEN OAKS,584,1557478.86,District 26,26,024,11
,IRWIN ALTMAN MIDDLE SCHOOL 172,966,2576240.72,District 26,26,024,11
,PS/IS 178 HOLLISWOOD,524,1397463.91,District 26,26,024,11
,PS 186 CASTLEWOOD,336,896083.73,District 26,26,024,11
,PS 188 KINGSBURY,596,1589481.85,District 26,26,024,11
,PS 205 ALEXANDER GRAHAM BELL,276,736068.78,District 26,26,024,11
,PS/IS 266,657,1752163.72,District 26,26,024,11
,MARTIN VAN BUREN HIGH SCHOOL,2041,5443175.26,District 26,26,024,14
,QUEENS HIGH SCHOOL OF TEACHING,1158,3088288.56,District 26,26,024,11
,PS 51,230,613390.65,District 27,27,024,10
,RICHMOND HILL HIGH SCHOOL,2181,5816543.48,District 27,27,024,10
,PS 82 HAMMOND,635,1693491.57,District 28,28,024,14
,PS 86,858,2288213.80,District 28,28,024,11
,PS 117 J KELD/BRIARWOOD SCHOOL,1003,2674916.60,District 28,28,024,14
,PS 121,812,2165535.67,District 28,28,024,10
,PS 161 ARTHUR ASHE SCHOOL,680,1813502.78,District 28,28,024,10
,JHS 217 ROBERT A VAN WYCK,1636,4363074.34,District 28,28,024,14
,QUEENS COLLEGIATE,646,1722827.64,District 28,28,024,14
,HILLSIDE ARTS AND LETTERS ACADEMY,422,1125438.49,District 28,28,024,14
,HIGH SCHOOL FOR COMMUNITY LEADERSHIP,360,960089.71,District 28,28,024,14
,QUEENS SATELLITE HIGH SCHOOL,223,594722.24,District 28,28,024,14
,JAMAICA GATEWAY TO THE SCIENCES,400,1066766.34,District 28,28,024,14
,JAMAICA HIGH SCHOOL,59,157348.04,District 28,28,024,14
,HILLCREST HIGH SCHOOL,3207,8552799.15,District 28,28,024,14
,THOMAS A EDISON CAREER-TECH HS,2158,5755204.42,District 28,28,024,11
,YOUNG WOMEN'S LRDSHP SCH-QUEENS,561,1496139.79,District 28,28,024,11
,PS 131 ABIGAIL ADAMS,838,2234875.49,District 29,29,024,11
,PS/IS 208,736,1962850.07,District 29,29,024,11
,PS 4,377,1005427.28,District 75,75,025,16
,PS 177,494,1317456.43,District 75,75,025,16
,PS 255,408,1088101.67,District 75,75,025,14
,PS 24 ANDREW JACKSON,937,2498900.16,District 25,25,025,16
,PS 120,896,2389556.61,District 25,25,025,16
,PS 154,668,1781499.79,District 25,25,025,14
,PS 163 FLUSHING HEIGHTS,580,1546811.20,District 25,25,025,16
,IS 237,1216,3242969.68,District 25,25,025,16
,IS 250 THE ROBERT F KENNEDY COMM MS,334,890749.90,District 25,25,025,14
,QUEENS SCHOOL OF INQUIRY (THE),588,1568146.52,District 25,25,025,14
,EAST-WEST SCHOOL OF INTERNATION STUD,643,1714826.90,District 25,25,025,16
,"QUEENS COLLEGE SCHOOL-MATH, SCI, TEC",471,1256117.37,District 25,25,025,16
,ROBERT F KENNEDY COMMUNITY HS,688,1834838.11,District 25,25,025,14
,PS 26 RUFUS KING,606,1616151.01,District 26,26,025,11
,PS 31 BAYSIDE,485,1293454.19,District 26,26,025,11
,PS 46 ALLEY POND,573,1528142.79,District 26,26,025,16
,JHS 74 NATHANIEL HAWTHORNE,1002,2672249.69,District 26,26,025,16
,MS 158 MARIE CURIE,1119,2984278.84,District 26,26,025,11
,PS 162 JOHN GOLDEN,713,1901511.00,District 26,26,025,11
,PS 173 FRESH MEADOW,875,2333551.37,District 26,26,025,16
,PS 213 THE CARL ULLMAN SCHOOL,364,970757.37,District 26,26,025,16
,JHS 216 GEORGE J RYAN,1359,3624338.65,District 26,26,025,16
,FRANCIS LEWIS HIGH SCHOOL,4022,10726335.57,District 26,26,025,16
,QUEENS GATEWAY TO HEALTH SCI SEC,804,2144200.35,District 28,28,025,14
,PS 811,358,954755.88,District 75,75,026,11
,IS 25 ADRIEN BLOCK,778,2074860.54,District 25,25,026,11
,PS 32 STATE STREET,902,2405558.10,District 25,25,026,11
,PS 79 FRANCIS LEWIS,916,2442894.92,District 25,25,026,11
,PS 107 THOMAS A DOOLEY,894,2384222.77,District 25,25,026,11
,PS 130,331,882749.15,District 25,25,026,11
,PS 169 BAY TERRACE,362,965423.54,District 25,25,026,11
,PS 184 FLUSHING MANOR,470,1253450.45,District 25,25,026,11
,PS 193 ALFRED J KENNEDY,447,1192111.39,District 25,25,026,11
,JHS 194 WILLIAM CARR,1045,2786927.07,District 25,25,026,11
,PS 209 CLEARVIEW GARDENS,600,1600149.51,District 25,25,026,11
,BELL ACADEMY,366,976091.20,District 25,25,026,11
,WORLD JOURNALISM PREPARATORY,605,1613484.09,District 25,25,026,11
,PS 41 CROCHERON,560,1493472.88,District 26,26,026,11
,JHS 67 LOUIS PASTEUR,881,2349552.87,District 26,26,026,11
,PS 94 DAVID D PORTER,397,1058765.59,District 26,26,026,11
,PS 98 THE DOUGLASTON SCHOOL,219,584054.57,District 26,26,026,11
,PS 159,581,1549478.11,District 26,26,026,11
,PS 203 OAKLAND GARDENS,838,2234875.49,District 26,26,026,11
,PS 221 THE NORTH HILLS SCHOOL,605,1613484.09,District 26,26,026,11
,BENJAMIN N CARDOZO HIGH SCHOOL,3633,9688905.30,District 26,26,026,16
,BAYSIDE HIGH SCHOOL,3245,8654141.95,District 26,26,026,11
,PS 29,693,1848172.69,District 25,25,027,11
,PS 129 PATRICIA LARKIN,999,2664248.94,District 25,25,027,11
,PS 164 QUEENS VALLEY,599,1597482.60,District 25,25,027,15
,PS 165 EDITH K BERGTRAUM,712,1898844.09,District 25,25,027,15
,PS/MS 200 THE POMONOK SCH & STAR ACA,423,1128105.41,District 25,25,027,16
,PS 201 THE DISCOVERY SCHOOL,441,1176109.89,District 25,25,027,16
,PS 219 PAUL KLAPPER,582,1552145.03,District 25,25,027,16
,JOHN BOWNE HIGH SCHOOL,3645,9720908.29,District 25,25,027,16
,TOWNSEND HARRIS HIGH SCHOOL,1151,3069620.15,District 25,25,027,16
,NORTH QUEENS COMMUNITY HIGH SCHOOL,201,536050.09,District 25,25,027,15
,PS 54 HILLSIDE,573,1528142.79,District 28,28,027,14
,PS 99 KEW GARDENS,846,2256210.81,District 28,28,027,15
,JHS 157 STEPHEN A HALSEY,1476,3936367.80,District 28,28,027,16
,PS 175 THE LYNN GROSS DISCOVERY,734,1957516.24,District 28,28,027,16
,PS 196 GRAND CENTRAL PARKWAY,749,1997519.98,District 28,28,027,15
,PS 233,376,1002760.36,District 75,75,028,15
,PS 87 MIDDLE VILLAGE,543,1448135.31,District 24,24,028,15
,PS/IS 113 ANTHONY J PRANZO,964,2570906.88,District 24,24,028,15
,IS 119 THE GLENDALE,1054,2810929.31,District 24,24,028,15
,PS 128 LORRAINE TUZZO-JUNIPER VALLEY,908,2421559.60,District 24,24,028,15
,MASPETH HIGH SCHOOL,753,2008187.64,District 24,24,028,15
,PS 56 HARRY EICHLER,418,1114770.83,District 27,27,028,10
,PS 90 HORACE MANN,855,2280213.06,District 27,27,028,15
,PS 101 SCHOOL IN THE GARDENS,573,1528142.79,District 28,28,028,15
,PS 139 REGO PARK,868,2314882.96,District 28,28,028,16
,PS 144 COL JEROMUS REMSEN,772,2058859.04,District 28,28,028,15
,PS 174 WILLIAM SIDNEY MOUNT,638,1701492.32,District 28,28,028,15
,JHS 190 RUSSELL SAGE,1005,2680250.43,District 28,28,028,16
,ACAD FOR EXCELLENCE-ARTS (THE),167,445374.95,District 28,28,028,15
,METROPOLITAN EXPEDITIONARY LRNING,607,1618817.92,District 28,28,028,15
,FOREST HILLS HIGH SCHOOL,3793,10115611.84,District 28,28,028,15
,QUEENS METROPOLITAN HIGH SCHOOL,1137,3032283.33,District 28,28,028,15
,PS 15 JACKIE ROBINSON,443,1181443.72,District 29,29,029,14
,PS 35 NATHANIEL WOODHULL,655,1746829.89,District 29,29,029,14
,PS 36 ST ALBANS SCHOOL,492,1312122.60,District 29,29,029,14
,PS 38 ROSEDALE,207,552051.58,District 29,29,029,14
,IS 59 SPRINGFIELD GARDENS,559,1490805.96,District 29,29,029,14
,PS 95 EASTWOOD,1464,3904364.81,District 29,29,029,14
,PS/IS 116 WILLIAM C HUGHLEY,687,1832171.19,District 29,29,029,14
,PS 132 RALPH BUNCHE,294,784073.26,District 29,29,029,14
,PS/MS 138 SUNRISE,752,2005520.72,District 29,29,029,10
,PS 156 LAURELTON,452,1205445.97,District 29,29,029,14
,PS 195 WILLIAM HABERLE,626,1669489.33,District 29,29,029,10
,PS 251,333,888082.98,District 29,29,029,11
,GORDON PARKS SCHOOL (THE),669,1784166.71,District 29,29,029,14
,QUEENS UNITED MIDDLE SCHOOL,77,205352.52,District 29,29,029,14
,QUEENS PREP ACADEMY,452,1205445.97,District 29,29,029,14
,EXCELSIOR PREP HIGH SCHOOL,473,1261451.20,District 29,29,029,14
,GEO WASHINGTON CARVER HIGH SCHOOL,492,1312122.60,District 29,29,029,14
,PREP ACADEMY FOR WRITERS,520,1386796.24,District 29,29,029,14
,CAMBRIA HEIGHTS ACADEMY,341,909418.31,District 29,29,029,14
,EAGLE ACADEMY FOR YOUNG MEN III,345,920085.97,District 29,29,029,14
,PS 49 DOROTHY BONAWIT KOLE,1113,2968277.35,District 24,24,030,15
,PS 58 SCHOOL OF HEROES,984,2624245.20,District 24,24,030,15
,IS 73 THE FRANK SANSIVIERI INTER SCH,1706,4549758.45,District 24,24,030,15
,PS 153 MASPETH ELEMENTARY,1420,3787020.51,District 24,24,030,15
,PS 229 EMANUEL KAPLAN,1516,4043044.44,District 24,24,030,15
,PS 290,278,741402.61,District 24,24,030,15
,PS 11 KATHRYN PHELAN,1353,3608337.15,District 30,30,030,12
,PS 112 DUTCH KILLS,446,1189444.47,District 30,30,030,12
,PS 151 MARY D CARTER,421,1122771.58,District 30,30,030,13
,PS 166 HENRY GRADSTEIN,1169,3117624.64,District 30,30,030,12
,IS 204 OLIVER W HOLMES,704,1877508.76,District 30,30,030,12
,ACAD FOR CAREERS IN TELEVISION-FILM,470,1253450.45,District 30,30,030,12
,FRANK SINATRA SCHOOL OF THE ARTS HS,759,2024189.13,District 30,30,030,12
,PS/MS 42 R VERNAM,643,1714826.90,District 27,27,031,10
,PS 96,283,754737.19,District 27,27,031,10
,PS 100 GLEN MORRIS,999,2664248.94,District 27,27,031,10
,PS 105 THE BAY SCHOOL,799,2130865.77,District 27,27,031,10
,PS 108 CAPT VINCENT G FOWLER,1410,3760351.36,District 27,27,031,10
,PS 124 OSMOND A CHURCH,1343,3581667.99,District 27,27,031,10
,PS 155,543,1448135.31,District 27,27,031,10
,PS 183 DR RICHARD R GREEN,513,1368127.83,District 27,27,031,10
,PS 215 LUCRETIA MOTT,162,432040.37,District 27,27,031,10
,JHS 226 VIRGIL I GRISSOM,1194,3184297.53,District 27,27,031,10
,PS 253,481,1282786.53,District 27,27,031,10
,GOLDIE MAPLE ACADEMY,480,1280119.61,District 27,27,031,10
,PS 52,482,1285453.44,District 29,29,031,10
,PS 181 BROOKFIELD,327,872081.48,District 29,29,031,10
,IS 238 SUSAN B ANTHONY ACADEMY,1514,4037710.61,District 29,29,031,10
,PS/IS 268,603,1608150.26,District 29,29,031,10
,COLLABORATIVE ARTS MIDDLE SCHOOL,463,1234782.04,District 29,29,031,10
,COMMUNITY VOICES MIDDLE SCHOOL,473,1261451.20,District 29,29,031,10
,QUEENS TRANSITION CENTER,371,989425.78,District 75,75,032,10
,PS 45 CLARENCE WITHERSPOON,412,1098769.33,District 27,27,032,10
,PS 123,632,1685490.82,District 27,27,032,10
,PS 223 LYNDON B JOHNSON,612,1632152.50,District 27,27,032,10
,AUGUST MARTIN HIGH SCHOOL,823,2194871.75,District 27,27,032,10
,JHS 8 RICHARD S GROSSLEY,573,1528142.79,District 28,28,032,14
,PS 30,93,248023.17,District 28,28,032,10
,PS 40 SAMUEL HUNTINGTON,564,1504140.54,District 28,28,032,10
,PS 48 WILLIAM WORDSWORTH,457,1218780.55,District 28,28,032,10
,PS 50 TALFOURD LAWN ELEMENTARY SCH,735,1960183.15,District 28,28,032,10
,PS 55 MAURE,492,1312122.60,District 28,28,032,10
,CATHERINE & COUNT BASIE MS 72,887,2365554.36,District 28,28,032,10
,PS 80 THURGOOD MARSHALL MAGNET,554,1477471.38,District 28,28,032,10
,PS 140 EDWARD K ELLINGTON,561,1496139.79,District 28,28,032,14
,PS 160 WALTER FRANCIS BISHOP,617,1645487.08,District 28,28,032,10
,PS 182 SAMANTHA SMITH,948,2528236.23,District 28,28,032,14
,PS 354,420,1120104.66,District 28,28,032,10
,YORK EARLY COLLEGE ACADEMY,593,1581481.10,District 28,28,032,14
,QUEENS HIGH SCHOOL SCI AT YORK COLL,419,1117437.74,District 28,28,032,14
,HS-LAW ENFORCMNT & PUB SAFETY,577,1538810.45,District 28,28,032,10
,CYNTHIA JENKINS SCHOOL,496,1322790.26,District 29,29,032,10
,PS 224,385,1026762.60,District 75,75,033,11
,PS 993,456,1216113.63,District 75,75,033,11
,PS 133,383,1021428.77,District 26,26,033,11
,PS 191 MAYFLOWER,374,997426.53,District 26,26,033,11
,PS 33 EDWARD M FUNK,1045,2786927.07,District 29,29,033,11
,PS 34 JOHN HARVARD,534,1424133.07,District 29,29,033,14
,JEAN NUZZI INTERMEDIATE SCHOOL,1066,2842932.30,District 29,29,033,14
,PS 118 LORRAINE HANSBERRY,554,1477471.38,District 29,29,033,14
,PS 134 HOLLIS,455,1213446.71,District 29,29,033,14
,BELLAIRE SCHOOL (THE),972,2592242.21,District 29,29,033,14
,PS 136 ROY WILKINS,591,1576147.27,District 29,29,033,14
,PS/MS 147 RONALD MCNAIR,686,1829504.28,District 29,29,033,14
,PS 176 CAMBRIA HEIGHTS,719,1917512.50,District 29,29,033,14
,IS 192 THE LINDEN,535,1426799.98,District 29,29,033,14
,PS/IS 295,521,1389463.16,District 29,29,033,11
,PATHWAYS COLLEGE PREPARATORY SCHOOL,553,1474804.47,District 29,29,033,14
,MATH/SCIENCE RESEARCH/TECH MAGNET,403,1074767.09,District 29,29,033,14
,LAW/GOVERNMENTCOMMUNITY SERVICE,267,712066.53,District 29,29,033,14
,BUSINESS/COMPTR APP & ENTREPRE,207,552051.58,District 29,29,033,14
,HUMANITIES & ARTS MAGNET HS,506,1349459.42,District 29,29,033,14
,PS 12 JAMES B COLGATE,1265,3373648.56,District 24,24,034,12
,PS 19 MARINO JEANTET,1936,5163149.10,District 24,24,034,13
,PIONEER ACADEMY,972,2592242.21,District 24,24,034,13
,IS 145 JOSEPH PULITZER,2080,5547184.98,District 30,30,034,13
,PS 148,974,2597576.04,District 30,30,034,13
,PS 149 CHRISTA MCAULIFFE,1261,3362980.89,District 30,30,034,13
,PS 152 GWENDOLYN N ALLEYNE,1281,3416319.21,District 30,30,034,16
,PS 212,807,2152201.10,District 30,30,034,13
,PS 222-FF CHRISTOPHER A SANTORA,271,722734.20,District 30,30,034,13
,PS 228 EARLY CHILDHOOD MAGNET,313,834744.66,District 30,30,034,13
,IS 230,995,2653581.28,District 30,30,034,13
,PS 280,482,1285453.44,District 30,30,034,13
,IS 227 LOUIS ARMSTRONG,1684,4491086.30,District 30,30,034,13
,JOHN F KENNEDY JR SCHOOL,476,1269451.95,District 75,75,035,16
,PS 13 CLEMENT C MOORE,1611,4296401.44,District 24,24,035,16
,PS 102 BAYVIEW,1245,3320310.24,District 24,24,035,16
,PS 143 LOUIS ARMSTRONG,1836,4896457.51,District 24,24,035,13
,PS 330,379,1010761.11,District 24,24,035,16
,NEWTOWN HIGH SCHOOL,2033,5421839.93,District 24,24,035,16
,HIGH SCHOOL FOR ARTS & BUSINESS,893,2381555.86,District 24,24,035,16
,PS 206 THE HORACE HARDING SCHOOL,583,1554811.94,District 28,28,035,16
,PS 220 EDWARD MANDEL,654,1744162.97,District 28,28,035,16
,PS 92 HARRY T STEWART SR,864,2304215.30,District 30,30,035,13
,PS 127 AEROSPACE SCIENCE MAGNET,1395,3720347.62,District 30,30,035,13
,PS 2 ALFRED ZIMBERG,675,1800168.20,District 30,30,036,13
,IS 10 HORACE GREELEY,916,2442894.92,District 30,30,036,12
,PS 17 HENRY DAVID THOREAU,480,1280119.61,District 30,30,036,12
,PS 70,908,2421559.60,District 30,30,036,12
,PS 84 STEINWAY,313,834744.66,District 30,30,036,13
,PS 85 JUDGE CHARLES VALLONE,503,1341458.68,District 30,30,036,12
,PS 122 MAMIE FAY,1341,3576334.16,District 30,30,036,12
,ALBERT SHANKER SCH-VISUAL/PERF ARTS,528,1408131.57,District 30,30,036,12
,IS 141 THE STEINWAY,1209,3224301.27,District 30,30,036,13
,PS 171 PETER G VAN ALST,519,1384129.33,District 30,30,036,12
,PS 234,599,1597482.60,District 30,30,036,12
,ACADEMY FOR NEW AMERICANS,148,394703.55,District 30,30,036,12
,ENERGY TECH HIGH SCHOOL,120,320029.90,District 30,30,036,12
,WILLIAM CULLEN BRYANT HIGH SCHOOL,2613,6968651.13,District 30,30,036,12
,PS 9,630,1680156.99,District 75,75,037,12
,PS 71 FOREST,948,2528236.23,District 24,24,037,15
,PS 88 SENECA,1050,2800261.65,District 24,24,037,15
,IS 93 RIDGEWOOD,1189,3170962.95,District 24,24,037,15
,IS 125 THOMAS J MCCANN WOODSIDE,1735,4627099.01,District 24,24,037,12
,PS 199 MAURICE A FITZGERALD,969,2584241.46,District 24,24,037,12
,LEARNERS AND LEADERS,377,1005427.28,District 24,24,037,12
,ACADEMY-FINANCE & ENTERPRISE,467,1245449.70,District 24,24,037,12
,HIGH SCH OF APPLIED COMMUNICATIONS,424,1130772.32,District 24,24,037,12
,BARD HIGH SCH EARLY COLLEGE QUEENS,600,1600149.51,District 24,24,037,12
,GROVER CLEVELAND HIGH SCHOOL,1866,4976464.99,District 24,24,037,15
,MIDDLE COLLEGE HIGH SCH AT LAGUARDIA,477,1272118.86,District 24,24,037,12
,INTNTL HIGH SCHOOL AT LA GUARDIA,492,1312122.60,District 24,24,037,12
,ROBERT F WAGNER JR SECONDARY SCHOOL,624,1664155.49,District 24,24,037,12
,QUEENS VOCATIONAL-TECHNICAL HS,1526,4069713.60,District 24,24,037,12
,AVIATION CAREER AND TECH HIGH SCHOOL,2222,5925887.03,District 24,24,037,12
,PS 76 WILLIAM HALLETT,517,1378795.50,District 30,30,037,12
,PS 78,339,904084.47,District 30,30,037,12
,PS 111 JACOB BLACKWELL,368,981425.03,District 30,30,037,12
,PS 150,1114,2970944.26,District 30,30,037,12
,LONG ISLAND CITY HIGH SCHOOL,2516,6709960.29,District 30,30,037,12
,INFORMATION TECHNOLOGY HIGH SCHOOL,918,2448228.76,District 30,30,037,12
,NEWCOMERS HIGH SCHOOL,888,2368221.28,District 30,30,037,12
,ACADEMY OF AMERICAN STUDIES,813,2168202.59,District 30,30,037,12
,BACCALAUREATE SCHOOL-GLOBAL ED,502,1338791.76,District 30,30,037,12
,ROBERT E PEARY SCHOOL,466,1242782.79,District 75,75,038,12
,PS 16 THE NANCY DEBENEDITTIS SCHOOL,1730,4613764.43,District 24,24,038,15
,PS 68 CAMBRIDGE,732,1952182.41,District 24,24,038,12
,IS 77,1074,2864267.63,District 24,24,038,12
,PS 91 RICHARD ARKWRIGHT,799,2130865.77,District 24,24,038,15
,PS 239,665,1773499.04,District 24,24,038,12
,PS 60 WOODHAVEN,1219,3250970.43,District 27,27,038,15
,PS 62 CHESTER PARK,906,2416225.77,District 27,27,038,10
,PS 64 JOSEPH P ADDABBO,645,1720160.73,District 27,27,038,15
,PS 65 RAYMOND YORK ELEM SCH (THE),511,1362794.00,District 27,27,038,15
,PS 66 JACQUELINE KENNEDY-ONASSIS,497,1325457.18,District 27,27,038,10
,PS 97 FOREST PARK,678,1808168.95,District 27,27,038,15
,JHS 210 ELIZABETH BLACKWELL,1935,5160482.18,District 27,27,038,15
,ROSA PARKS SCHOOL (THE),611,1629485.59,District 27,27,038,15
,PS 273,220,586721.49,District 27,27,038,10
,NEW YORK CITY ACADEMY FOR DISCOVERY,443,1181443.72,District 27,27,038,10
,"HS FOR CON, TRADES, ENGINEER AND ARC",945,2520235.48,District 27,27,038,10
,IS 5 WALTER CROWLEY INTERMEDIATE,1621,4323070.60,District 24,24,039,16
,PS 7 LOUIS F SIMEONE,1117,2978945.01,District 24,24,039,16
,PS 14 FAIRVIEW,1675,4467084.06,District 24,24,039,13
,PS 28 THM EMAN EARLY CHILD CTR,533,1421466.15,District 24,24,039,13
,IS 61 LEONARDO DA VINCI,2347,6259251.51,District 24,24,039,13
,PS 89 ELMHURST,1986,5296494.89,District 24,24,039,13
,51ST AVENUE ACADEMY (THE),526,1402797.74,District 24,24,039,16
,CIVIC LEADERSHIP ACADEMY,455,1213446.71,District 24,24,039,13
,PAN AMERICAN INTERNATIONAL HS,360,960089.71,District 24,24,039,13
,VOYAGES PREPARATORY,184,490712.52,District 24,24,039,13
,PS 69 JACKSON HEIGHTS,1163,3101623.14,District 30,30,039,13
,PS 20 JOHN BOWNE,1332,3552331.92,District 25,25,040,16
,PS 21 EDWARD HART,1260,3360313.98,District 25,25,040,11
,PS 22 THOMAS JEFFERSON,733,1954849.32,District 25,25,040,16
,JHS 185 EDWARD BLEEKER,1523,4061712.85,District 25,25,040,11
,JHS 189 DANIEL CARTER BEARD,748,1994853.06,District 25,25,040,16
,PS 214 CADWALLADER COLDEN,441,1176109.89,District 25,25,040,11
,PS 242 LP STAVISKY EARLY CHILDHOOD,390,1040097.18,District 25,25,040,11
,ACTIVE LEARNING ELEMENTARY SCH (THE),397,1058765.59,District 25,25,040,16
,FLUSHING INTRNL HIGH SCHOOL,401,1069433.26,District 25,25,040,16
,FLUSHING HIGH SCHOOL,2559,6824637.67,District 25,25,040,16
,QUEENS ACADEMY HIGH SCHOOL,297,792074.01,District 25,25,040,11
,PS 811 CONNIE LEKAS SCHOOL,340,906751.39,District 75,75,041,19
,JHS 14 SHELL BANK,556,1482805.22,District 22,22,041,19
,PS 52 SHEEPSHEAD BAY,746,1989519.23,District 22,22,041,22
,PS 119 AMERSFORT,420,1120104.66,District 22,22,041,21
,PS 194 RAOUL WALLENBERG,415,1106770.08,District 22,22,041,19
,PS 197-THE KINGS HIGHWAY ACADEMY,511,1362794.00,District 22,22,041,17
,PS 206 JOSEPH F LAMB,1330,3546998.09,District 22,22,041,19
,PS 222 KATHERINE R SNYDER,803,2141533.43,District 22,22,041,22
,JHS 278 MARINE PARK,1068,2848266.13,District 22,22,041,22
,PS 326,206,549384.67,District 22,22,041,21
,IS 381,383,1021428.77,District 22,22,041,17
,JAMES MADISON HIGH SCHOOL,3087,8232769.25,District 22,22,041,17
,SHEEPSHEAD BAY HIGH SCHOOL,1140,3040284.08,District 22,22,041,19
,PS 6,727,1938847.83,District 17,17,042,21
,PS 181,1012,2698918.85,District 17,17,042,21
,MS 246 WALT WHITMAN,603,1608150.26,District 17,17,042,21
,PS 249 THE CATON,865,2306882.21,District 17,17,042,21
,PS 399 STANLEY EUGENE CLARKE,502,1338791.76,District 17,17,042,21
,ACAD FOR COLLEGE PREP AND CAREER EXP,524,1397463.91,District 17,17,042,21
,ACADEMY OF HOSPITALITY AND TOURISM,313,834744.66,District 17,17,042,21
,HIGH SCHOOL-YOUTH & COMM DVLPMNT,338,901417.56,District 17,17,042,21
,HIGH SCHOOL-SVC & LRNG,429,1144106.90,District 17,17,042,21
,"SCIENCE, TECH & RESEARCH HIGH SCH",535,1426799.98,District 17,17,042,21
,SCHOOL OF SCIENCE AND TECHNOLOGY,878,2341552.12,District 22,22,042,21
,PS 193 GIL HODGES,851,2269545.39,District 22,22,042,17
,ANDRIES HUDDE SCHOOL,915,2440228.01,District 22,22,042,17
,PS 245,277,738735.69,District 22,22,042,21
,PS 269 NOSTRAND,394,1050764.85,District 22,22,042,21
,PS 315,802,2138866.52,District 22,22,042,21
,PS 361 E FLATBUSH EARLY CHILDHOOD,594,1584148.02,District 22,22,042,21
,MIDWOOD HIGH SCHOOL,3869,10318297.44,District 22,22,042,21
,PS 141,376,1002760.36,District 75,75,043,20
,PARKSIDE PREP ACADEMY,473,1261451.20,District 17,17,043,20
,MS 61 GLADSTONE H ATWELL,783,2088195.11,District 17,17,043,20
,PS 91 THE ALBANY AVE SCHOOL,457,1218780.55,District 17,17,043,20
,PS 92 ADRIAN HEGEMAN,461,1229448.21,District 17,17,043,20
,PS 138,654,1744162.97,District 17,17,043,25
,PS 161 THE CROWN,537,1432133.81,District 17,17,043,20
,PS 221 TOUSSAINT L'OUVERTURE,414,1104103.16,District 17,17,043,20
,PS 289 GEORGE V BROWER,483,1288120.36,District 17,17,043,25
,PS 397 FOSTER-LAURIE,340,906751.39,District 17,17,043,20
,MIDDLE SCHOOL FOR THE ARTS,97,258690.84,District 17,17,043,20
,SCHOOL FOR HUMAN RIGHTS (THE),413,1101436.25,District 17,17,043,20
,SCHOOL FOR DEMOCRACY & LDRSHP,320,853413.07,District 17,17,043,20
,INTERNATIONAL ARTS BUSINESS SCHOOL,85,226687.85,District 17,17,043,20
,HS FOR PUBLIC SERVICE-HEROES OF TOM,437,1165442.23,District 17,17,043,20
,MEDGAR EVERS COLLEGE PREP SCHOOL,1245,3320310.24,District 17,17,043,20
,PS 235  LENOX SCHOOL,1210,3226968.19,District 18,18,043,20
,PS 107 JOHN W KIMBALL,583,1554811.94,District 15,15,044,21
,PS 130 THE PARKSIDE,645,1720160.73,District 15,15,044,21
,WINDSOR TERRACE SCHOOL (THE),528,1408131.57,District 15,15,044,21
,PS 230 DORIS L COHEN,1224,3264305.01,District 15,15,044,21
,SECONDARY SCHOOL FOR LAW,383,1021428.77,District 15,15,044,21
,SECONDARY SCHOOL FOR JOURNALISM,273,728068.03,District 15,15,044,21
,PARK SLOPE COLLEGIATE,378,1008094.19,District 15,15,044,21
,MILLENNIUM BROOKLYN HIGH SCHOOL,384,1024095.69,District 15,15,044,21
,JHS 62 DITMAS,1287,3432320.71,District 20,20,044,17
,PS 179 KENSINGTON,921,2456229.50,District 20,20,044,21
,JHS 223 THE MONTAUK,940,2506900.90,District 20,20,044,17
,URBAN ASSEMBLY SCH-CRIMINAL JUSTICE,478,1274785.78,District 20,20,044,17
,PS 134,506,1349459.42,District 22,22,044,17
,PS 139 ALEXINE A FENTY,1003,2674916.60,District 22,22,044,17
,PS 217 COL DAVID MARCUS SCHOOL,1223,3261638.09,District 22,22,044,17
,BROOKLYN COLLEGE ACADEMY,615,1640153.25,District 22,22,044,21
,PS 721 BROOKLYN OCCUP TRNING CTR,483,1288120.36,District 75,75,045,23
,PS 771,418,1114770.83,District 75,75,045,23
,PS 95 THE GRAVESEND,911,2429560.34,District 21,21,045,22
,IS 98 BAY ACADEMY,1364,3637673.23,District 21,21,045,23
,PS 153 HOMECREST,496,1322790.26,District 21,21,045,17
,PS 209 MARGARET MEAD,650,1733495.31,District 21,21,045,23
,PS 215 MORRIS H WEISS,859,2290880.72,District 21,21,045,22
,PS 216 ARTURO TOSCANINI,540,1440134.56,District 21,21,045,23
,PS 225 THE EILEEN E ZAGLIN,876,2336218.29,District 21,21,045,23
,PS 238 ANNE SULLIVAN,507,1352126.34,District 21,21,045,22
,PS 253,765,2040190.63,District 21,21,045,23
,JOHN DEWEY HIGH SCHOOL,1849,4931127.42,District 21,21,045,23
,WILLIAM E GRADY CAREER AND TECH,628,1674823.16,District 21,21,045,23
,PS 195 MANHATTAN BEACH,423,1128105.41,District 22,22,045,22
,JHS 234 ARTHUR W CUNNINGHAM,1867,4979131.90,District 22,22,045,17
,PS 254 DAG HAMMARSKJOLD,650,1733495.31,District 22,22,045,19
,PS 255 BARBARA REING SCHOOL,800,2133532.68,District 22,22,045,17
,LEON M GOLDSTEIN HIGH SCH-SCIENCES,1050,2800261.65,District 22,22,045,22
,PS 370,250,666728.96,District 75,75,046,23
,PS/IS 104 THE FORT HAMILTON SCH,1177,3138959.96,District 20,20,046,22
,PS 127 MCKINLEY PARK,507,1352126.34,District 20,20,046,22
,PS 185 WALTER KASSENBROCK,723,1928180.16,District 20,20,046,22
,JHS 201 THE DYKER HEIGHTS,1434,3824357.34,District 20,20,046,22
,PS 229 DYKER,1112,2965610.43,District 20,20,046,22
,JHS 259 WILLIAM MCKINLEY,1430,3813689.67,District 20,20,046,22
,PS 264 BAY RIDGE ELEMENTARY-ARTS,322,858746.91,District 20,20,046,22
,PS 90 EDNA COHEN SCHOOL,561,1496139.79,District 21,21,046,23
,PS 100 THE CONEY ISLAND SCHOOL,706,1882842.59,District 21,21,046,23
,PS 188 MICHAEL E BERDY,507,1352126.34,District 21,21,046,23
,MARK TWAIN IS 239-GIFTED & TALENTED,1315,3506994.35,District 21,21,046,23
,PS 288 THE SHIRLEY TANYHILL,419,1117437.74,District 21,21,046,23
,IS 303 HERBERT S EISENBERG,568,1514808.21,District 21,21,046,23
,PS 329 SURFSIDE,421,1122771.58,District 21,21,046,23
,RACHEL CARSON HS FOR COASTAL STUDIES,507,1352126.34,District 21,21,046,23
,ABRAHAM LINCOLN HIGH SCHOOL,2281,6083235.07,District 21,21,046,23
,LIBERATION DIPLOMA PLUS,158,421372.71,District 21,21,046,23
,PS 163 BATH BEACH,621,1656154.75,District 20,20,047,22
,PS 200 BENSON SCHOOL,1265,3373648.56,District 20,20,047,23
,ACADEMY OF TALENTED SCHOLARS (THE),342,912085.22,District 20,20,047,17
,BROOKLYN SCHOOL OF INQUIRY,374,997426.53,District 20,20,047,17
,PS 748 BROOKLYN SCH-GLOBAL SCHOLARS,459,1224114.38,District 20,20,047,22
,IS 96 SETH LOW,701,1869508.01,District 21,21,047,17
,PS 97 THE HIGHLAWN,767,2045524.46,District 21,21,047,23
,PS 101 THE VERRAZANO,881,2349552.87,District 21,21,047,22
,PS 128 BENSONHURST,375,1000093.45,District 21,21,047,23
,PS 177 THE MARLBORO,872,2325550.63,District 21,21,047,17
,PS 212 LADY DEBORAH MOODY,610,1626818.67,District 21,21,047,22
,IS 228 DAVID A BOODY,1041,2776259.41,District 21,21,047,22
,IS 281 JOSEPH B CAVALLARO,1177,3138959.96,District 21,21,047,23
,INTERNATIONAL HIGH SCH-LAFAYETTE,325,866747.65,District 21,21,047,22
,HIGH SCHOOL OF SPORTS MANAGEMENT,328,874748.40,District 21,21,047,22
,KINGSBOROUGH EARLY COLLEGE SCHOOL,554,1477471.38,District 21,21,047,22
,LIFE ACAD HS FOR FILM AND MUSIC,263,701398.87,District 21,21,047,22
,EXPEDITIONARY LRN SCH-COMM LEADERS,272,725401.11,District 21,21,047,22
,BROOKLYN STUDIO SECONDARY SCHOOL,897,2392223.52,District 21,21,047,22
,PS 231,344,917419.05,District 75,75,048,17
,PS 48 MAPLETON,583,1554811.94,District 20,20,048,17
,PS 105 THE BLYTHEBOURNE,1772,4725774.90,District 20,20,048,17
,PS 164 CAESAR RODNEY,499,1330791.01,District 20,20,048,17
,SEEALL ACADEMY (THE),1094,2917605.95,District 20,20,048,17
,PS 192 MAGNET SCHOOL-MATH AND SCI,572,1525475.87,District 20,20,048,17
,FRANKLIN D ROOSEVELT HIGH SCHOOL,3085,8227435.41,District 20,20,048,17
,PS 99 ISAAC ASIMOV,791,2109530.44,District 21,21,048,17
,PS 121 NELSON A ROCKEFELLER,337,898750.64,District 21,21,048,17
,PS 199 FREDERICK WACHTEL,448,1194778.30,District 21,21,048,17
,PS 226 ALFRED DE B MASON,921,2456229.50,District 21,21,048,17
,EDWARD R MURROW HIGH SCHOOL,4013,10702333.33,District 21,21,048,17
,PS 69 VINCENT D GRIPPO SCHOOL,865,2306882.21,District 20,20,049,17
,PS 112 LEFFERTS PARK,531,1416132.32,District 20,20,049,22
,PS 160 WILLIAM T SAMPSON,1257,3352313.23,District 20,20,049,17
,PS 176 OVINGTON,1418,3781686.68,District 20,20,049,22
,PS 186 DR IRVING A GLADSTONE,925,2466897.17,District 20,20,049,22
,IS 187 THE CHRISTA MCAULIFFE SCHOOL,970,2586908.38,District 20,20,049,22
,PS 204 VINCE LOMBARDI,1093,2914939.03,District 20,20,049,22
,PS 205 CLARION,1023,2728254.92,District 20,20,049,22
,JHS 220 JOHN J PERSHING,1389,3704346.12,District 20,20,049,17
,JHS 227 EDWARD B SHALLOW,1308,3488325.94,District 20,20,049,22
,PS 247,757,2018855.30,District 20,20,049,22
,NEW UTRECHT HIGH SCHOOL,3294,8784820.83,District 20,20,049,22
,PS 46 EDWARD C BLUM,364,970757.37,District 13,13,050,25
,DR SUSAN S MCKINNEY SEC SCH-ARTS,484,1290787.27,District 13,13,050,25
,FORT GREEN PREPARATORY ACADEMY,250,666728.96,District 13,13,050,25
,BENJAMIN BANNEKER ACADEMY,908,2421559.60,District 13,13,050,25
,PS 16 LEONARD DUNKLY,228,608056.82,District 14,14,050,26
,PS 17 HENRY D WOODWORTH,307,818743.17,District 14,14,050,18
,PS 31 SAMUEL F DUPONT,525,1400130.82,District 14,14,050,26
,PS 34 OLIVER H PERRY,525,1400130.82,District 14,14,050,26
,PS 84 JOSE DE DIEGO,547,1458802.97,District 14,14,050,18
,PS 110 THE MONITOR,319,850746.16,District 14,14,050,26
,JOHN ERICSSON MIDDLE SCHOOL 126,264,704065.79,District 14,14,050,26
,PS 157 BENJAMIN FRANKLIN,525,1400130.82,District 14,14,050,25
,PS 380 JOHN WAYNE ELEMENTARY,587,1565479.61,District 14,14,050,26
,CONSELYEA PREP SCHOOL,497,1325457.18,District 14,14,050,18
,JUAN MOREL CAMPOS SECONDARY SCHOOL,769,2050858.29,District 14,14,050,26
,BROOKLYN PREP HIGH SCHOOL,503,1341458.68,District 14,14,050,18
,WILLAMSBURG HS-ARCH & DESIGN,581,1549478.11,District 14,14,050,18
,WILLIAMSBURG PREP SCHOOL,671,1789500.54,District 14,14,050,18
,AUTOMOTIVE HIGH SCHOOL,437,1165442.23,District 14,14,050,26
,FRANCES PERKINS ACADEMY,150,400037.38,District 14,14,050,26
,EL PUENTE ACAD FOR PEACE AND JUSTICE,223,594722.24,District 14,14,050,26
,PS 371 LILLIAN L RASHKIS,281,749403.36,District 75,75,051,25
,PS 1 THE BERGEN,1155,3080287.81,District 15,15,051,25
,"MAGNET SCH OF MATH, SCI, DESIGN",917,2445561.84,District 15,15,051,21
,PS 15 PATRICK F DALY,322,858746.91,District 15,15,051,25
,PS 24,674,1797501.29,District 15,15,051,20
,JHS 88 PETER ROUGET,1209,3224301.27,District 15,15,051,21
,PS 94 THE HENRY LONGFELLOW,1514,4037710.61,District 15,15,051,20
,PS 124 SILAS B DUTCHER,282,752070.27,District 15,15,051,20
,PS 131,1014,2704252.68,District 15,15,051,17
,IS 136 CHARLES O DEWEY,491,1309455.69,District 15,15,051,25
,PS 169 SUNSET PARK,1639,4371075.09,District 15,15,051,17
,PS 172 BEACON SCHOOL OF EXCELLENCE,558,1488139.05,District 15,15,051,25
,PS 295,464,1237448.96,District 15,15,051,21
,NEW VOICES SCH-ACAD & CREATIVE ARTS,533,1421466.15,District 15,15,051,21
,RED HOOK NEIGHBORHOOD SCHOOL,183,488045.60,District 15,15,051,25
,SUNSET PARK PREP,530,1413465.40,District 15,15,051,25
,WEST BROOKLYN COMMUNITY HIGH SCHOOL,211,562719.25,District 15,15,051,17
,SUNSET PARK HIGH SCHOOL,1307,3485659.02,District 15,15,051,25
,SOUTH BROOKLYN COMM HIGH SCHOOL,140,373368.22,District 15,15,051,25
,SCHOOL FOR FUTURE LEADERS (THE),371,989425.78,District 20,20,051,20
,PS 503 THE SCHOOL OF DISCOVERY,1028,2741589.50,District 20,20,051,20
,PS 506 JOURNALISM AND TECHNOLOGY,768,2048191.38,District 20,20,051,20
,"PS 971 SCHOOL OF MATH, SCIENCE, HEALTHY",270,720067.28,District 20,20,051,20
,HIGH SCHOOL OF TELECOMMUNICATIONS,1309,3490992.85,District 20,20,051,22
,PS 77,285,760071.02,District 75,75,052,25
,PS 369 COY L COX SCHOOL,639,1704159.23,District 75,75,052,25
,PS 372 CHILDREN'S SCHOOL (THE),480,1280119.61,District 75,75,052,25
,PS 8 ROBERT FULTON,812,2165535.67,District 13,13,052,26
,PS 133 WILLIAM A BUTLER,393,1048097.93,District 13,13,052,20
,MS 266 PARK PLACE COMMUNITY MS,143,381368.97,District 13,13,052,25
,PS 282 PARK SLOPE,928,2474897.91,District 13,13,052,25
,PS 307 DANIEL HALE WILLIAMS,330,880082.23,District 13,13,052,26
,SATELLITE WEST MIDDLE SCHOOL,119,317362.99,District 13,13,052,26
,URBAN ASSEMBLY SCH-MUSIC & ART,398,1061432.51,District 13,13,052,25
,SCIENCE SKILLS CENTER HIGH SCHOOL,529,1410798.49,District 13,13,052,25
,BROOKLYN INTNTL HIGH SCHOOL,342,912085.22,District 13,13,052,25
,URBAN ASSMBLY SCH-LAW & JSTCE,447,1192111.39,District 13,13,052,25
,URBAN ASSEMBLY INST OF MATH AND SCIE,510,1360127.09,District 13,13,052,25
,GEORGE WESTINGHOUSE CAREER/TECH HS,697,1858840.35,District 13,13,052,25
,CITY POLYTECHNIC HIGH SCHOOL,452,1205445.97,District 13,13,052,25
,PS 29 JOHN M HARRIGAN,749,1997519.98,District 15,15,052,26
,PS 32 SAMUELS MILLS SPROLE,393,1048097.93,District 15,15,052,25
,PS 38 THE PACIFIC,434,1157441.48,District 15,15,052,25
,PS 39 HENRY BRISTOW,348,928086.72,District 15,15,052,21
,MS 51 WILLIAM ALEXANDER,1116,2976278.09,District 15,15,052,20
,PS 58 THE CARROLL,893,2381555.86,District 15,15,052,26
,PS 146,629,1677490.07,District 15,15,052,26
,PS 261 PHILIP LIVINGSTON,770,2053525.21,District 15,15,052,25
,PS 321 WILLIAM PENN,1484,3957703.13,District 15,15,052,20
,CARROLL GARDENS SCHOOL-INNOVATION,191,509380.93,District 15,15,052,25
,MATH & SCIENCE EXPLORATORY SCH (THE),513,1368127.83,District 15,15,052,25
,BROOKLYN SEC SCH-COLLABORATIVE,667,1778832.88,District 15,15,052,26
,BROOKLYN FRONTIERS HIGH SCHOOL,173,461376.44,District 15,15,052,25
,BROOKLYN SCHOOL FOR GLOBAL STUDIES,274,730734.94,District 15,15,052,26
,SCHOOL FOR INTNTL STUDIES,479,1277452.69,District 15,15,052,26
,COBBLE HILL SCHOOL OF AMERICAN STUD,560,1493472.88,District 15,15,052,25
,METROPOLITAN CORPORATE ACAD HS,30,80007.48,District 15,15,052,25
,BROOKLYN HIGH SCHOOL OF THE ARTS,818,2181537.17,District 15,15,052,25
,IS 340,206,549384.67,District 17,17,052,20
,PS 373 BROOKLYN TRANSITION CENTER,352,938754.38,District 75,75,053,18
,PS 18 EDWARD BUSH,177,472044.11,District 14,14,053,18
,PS 19 ROBERTO CLEMENTE,112,298694.58,District 14,14,053,18
,JHS 50 JOHN D WELLS,304,810742.42,District 14,14,053,18
,PS 120 CARLOS TAPIA,393,1048097.93,District 14,14,053,18
,PS 132 THE CONSELYEA SCHOOL,701,1869508.01,District 14,14,053,18
,PS 147 ISSAC REMSEN,263,701398.87,District 14,14,053,18
,PS 196 TEN EYCK,319,850746.16,District 14,14,053,18
,PS 250 GEORGE H LINDSEY,731,1949515.49,District 14,14,053,18
,PS 257 JOHN F HYLAN,607,1618817.92,District 14,14,053,18
,IS 318 EUGENO MARIA DE HOSTOS,1633,4355073.59,District 14,14,053,26
,PS 319,116,309362.24,District 14,14,053,18
,MS 582,268,714733.45,District 14,14,053,18
,BROOKLYN LATIN SCHOOL (THE),593,1581481.10,District 14,14,053,18
,GREEN SCHOOL-ENVIRONMENTAL CAREERS,326,869414.57,District 14,14,053,18
,PROGRESS HS-PROFESSIONAL CAREERS,1082,2885602.96,District 14,14,053,18
,SCHOOL FOR LEGAL STUDIES,655,1746829.89,District 14,14,053,18
,"HIGH SCHOOL-ENTERPRISE, BUS & TECH",1026,2736255.67,District 14,14,053,18
,LYONS COMMUNITY SCHOOL,560,1493472.88,District 14,14,053,18
,YOUNG WOMENS LEADERSHIP SCH-BROOKLY,351,936087.47,District 14,14,053,18
,PS 86 THE IRVINGTON,455,1213446.71,District 32,32,053,18
,PS 116 ELIZABETH L FARRELL,515,1373461.67,District 32,32,053,18
,PS 123 SUYDAM,830,2213540.16,District 32,32,053,18
,PS 145 ANDREW JACKSON,760,2026856.05,District 32,32,053,18
,JHS 162 THE WILLOUGHBY,485,1293454.19,District 32,32,053,18
,JHS 291 ROLAND HAYES,518,1381462.41,District 32,32,053,18
,IS 347 SCHOOL OF HUMANITIES,401,1069433.26,District 32,32,053,18
,"IS 349 MATH, SCIENCE & TECHNOLOGY",399,1064099.43,District 32,32,053,18
,PS 376,647,1725494.56,District 32,32,053,18
,PS 377 ALEJANDINA B DE GAUTIER,497,1325457.18,District 32,32,053,18
,JHS 383 PHILIPPA SCHUYLER,916,2442894.92,District 32,32,053,18
,BUSHWICK COMM HIGH SCHOOL,178,474711.02,District 32,32,053,18
,ALL CITY LEADERSHIP SECONDARY SCH,333,888082.98,District 32,32,053,18
,PS 81 JEAN PAUL RICHTER,1029,2744256.42,District 24,24,053,18
,BRIGHTER CHOICE COMMUNITY SCHOOL,134,357366.72,District 16,16,054,18
,YOUNG SCHOLARS ACAD-DISCOVER & EXPLO,174,464043.36,District 16,16,054,18
,PS 7 ABRAHAM LINCOLN,1003,2674916.60,District 19,19,054,18
,PS 65,639,1704159.23,District 19,19,054,18
,PS 108 SAL ABBRACCIAMENTO,854,2277546.14,District 19,19,054,18
,PS 158 WARWICK,521,1389463.16,District 19,19,054,18
,PS 159 ISAAC PITKIN,846,2256210.81,District 19,19,054,19
,IS 171 ABRAHAM LINCOLN,779,2077527.45,District 19,19,054,18
,JHS 302 RAFAEL CORDERO,551,1469470.64,District 19,19,054,18
,PS 345 PATROLMAN ROBERT BOLDEN,650,1733495.31,District 19,19,054,18
,SPRING CREEK COMMUNITY SCHOOL,174,464043.36,District 19,19,054,18
,MULTICULTURAL HIGH SCHOOL,321,856079.99,District 19,19,054,18
,TRANSIT TECH CAREER AND TECH EDU,1150,3066953.23,District 19,19,054,18
,ACADEMY OF INNOVATIVE TECHNOLOGY,428,1141439.99,District 19,19,054,18
,BROOKLYN LAB SCHOOL,372,992092.70,District 19,19,054,18
,CYPRESS HILLS COLLEGIATE PREP SCHOOL,370,986758.87,District 19,19,054,18
,PS/IS 45 HORACE E GREENE,821,2189537.92,District 32,32,054,18
,PS 75 MAYDA CORTIELLA,515,1373461.67,District 32,32,054,18
,PS 106 EDWARD EVERETT HALE,562,1498806.71,District 32,32,054,18
,PS 151 LYNDON B JOHNSON,361,962756.62,District 32,32,054,18
,PS 274 KOSCIUSKO,532,1418799.24,District 32,32,054,18
,IS 296 THE A GONZALEZ COMMUNITY,104,277359.25,District 32,32,054,18
,PS 299 THOMAS WARREN FIELD,345,920085.97,District 32,32,054,18
,PS/IS 384 FRANCES E CARTER,692,1845505.77,District 32,32,054,18
,BROOKLYN SCHOOL FOR MATH AND RESEARC,204,544050.83,District 32,32,054,18
,ACADEMY FOR ENVIRONMENTAL LDSHIP,355,946755.13,District 32,32,054,18
,EBC HIGH SCHOOL-PUBLIC SERVICE,516,1376128.58,District 32,32,054,18
,BUSHWICK SCHOOL FOR SOCIAL JUSTICE,414,1104103.16,District 32,32,054,18
,ACADEMY OF URBAN PLANNING,311,829410.83,District 32,32,054,18
,BUSHWICK LEADERS HS-ACAD EXCELL,363,968090.46,District 32,32,054,18
,PS 396,260,693398.12,District 75,75,055,20
,PS 5 DR RONALD MCNAIR,292,778739.43,District 16,16,055,25
,PS 28 THE WARREN PREP ACADEMY,226,602722.98,District 16,16,055,25
,PS 40 GEORGE W CARVER,299,797407.84,District 16,16,055,25
,BROOKLYN HIGH SCHOOL-LAW AND TECH,523,1394796.99,District 16,16,055,25
,GOTHAM PROFESSIONAL ARTS ACADEMY,235,626725.23,District 16,16,055,25
,DR JACQUELINE PEEK-DAVIS SCHOOL,173,461376.44,District 17,17,055,25
,PS 189 LINCOLN TERRACE,1184,3157628.37,District 17,17,055,20
,PS 191 PAUL ROBESON,209,557385.41,District 17,17,055,25
,MS 394,559,1490805.96,District 17,17,055,25
,PS 398 WALTER WEAVER,327,872081.48,District 17,17,055,20
,RONALD EDMONDS LEARNING CTR II,146,389369.71,District 17,17,055,25
,PS 770 NEW AMERICAN ACADEMY,215,573386.91,District 17,17,055,20
,BROWNSVILLE  ACADEMY HIGH SCHOOL,181,482711.77,District 17,17,055,20
,PS 89 CYPRESS HILLS,429,1144106.90,District 19,19,055,18
,PS 290 JUAN MOREL CAMPOS,549,1464136.80,District 19,19,055,18
,JHS 292 MARGARET S DOUGLAS,720,1920179.42,District 19,19,055,19
,W H MAXWELL CAREER AND TECH HS,468,1248116.62,District 19,19,055,18
,PS 73 THOMAS S BOYLAND,193,514714.76,District 23,23,055,25
,PS/IS 137 RACHAEL JEAN MITCHELL,284,757404.10,District 23,23,055,25
,PS 150 CHRISTOPHER,214,570719.99,District 23,23,055,20
,PS/IS 155 NICHOLAS HERKIMER,472,1258784.28,District 23,23,055,25
,PS 156 WAVERLY,746,1989519.23,District 23,23,055,20
,PS 178 SAINT CLAIR MCKELWAY,427,1138773.07,District 23,23,055,25
,PS 284 LEW WALLACE,565,1506807.46,District 23,23,055,20
,PS 298 DR BETTY SHABAZZ,253,674729.71,District 23,23,055,20
,PS/IS 323,418,1114770.83,District 23,23,055,20
,PS 327 DR ROSE B ENGLISH,598,1594815.68,District 23,23,055,20
,PS 332 CHARLES H HOUSTON,23,61339.06,District 23,23,055,19
,IS 392,265,706732.70,District 23,23,055,20
,CHRISTOPHER AVENUE COMMUNITY SCHOOL,211,562719.25,District 23,23,055,19
,FREDERICK DOUGLASS ACADEMY VII,313,834744.66,District 23,23,055,20
,MOTT HALL IV,194,517381.68,District 23,23,055,25
,GENERAL D CHAPPIE JAMES ELEM SCHOOL,96,256023.92,District 23,23,055,19
,GENERAL D CHAPPIE JAMES MIDDLE SCH,86,229354.76,District 23,23,055,19
,MOTT HALL BRIDGES ACADEMY,211,562719.25,District 23,23,055,20
,BROOKLYN COLLEGIATE,387,1032096.44,District 23,23,055,25
,EAGLE ACADEMY FOR YOUNG MEN II,512,1365460.92,District 23,23,055,25
,ASPIRATIONS DIPLOMA PLUS HIGH SCHOOL,233,621391.39,District 23,23,055,18
,TEACHERS PREP HIGH SCHOOL,452,1205445.97,District 23,23,055,20
,PS 368,268,714733.45,District 75,75,056,18
,PS 44 MARCUS GARVEY,273,728068.03,District 13,13,056,25
,PS 93 WILLIAM H PRESCOTT,310,826743.92,District 13,13,056,25
,PS 256 BENJAMIN BANNEKER,340,906751.39,District 13,13,056,25
,SATELLITE EAST MIDDLE SCHOOL,160,426706.54,District 13,13,056,25
,PS 305 DR PETER RAY,195,520048.59,District 13,13,056,25
,BROOKLYN ACADEMY HIGH SCHOOL,149,397370.46,District 13,13,056,25
,BEDFORD STUYVESANT PREP HIGH SCHOOL,103,274692.33,District 13,13,056,25
,PS 23 CARTER G WOODSON,235,626725.23,District 14,14,056,25
,PS 59 WILLIAM FLOYD,337,898750.64,District 14,14,056,18
,PS 297 ABRAHAM STOCKTON,250,666728.96,District 14,14,056,18
,FOUNDATIONS ACADEMY,111,296027.66,District 14,14,056,18
,URBAN ASSEMBLY SCHOOL-URBAN ENVR,82,218687.10,District 14,14,056,18
,PS 21 CRISPUS ATTUCKS,589,1570813.44,District 16,16,056,25
,PS 25 EUBIE BLAKE SCHOOL,214,570719.99,District 16,16,056,25
,PS 26 JESSE OWENS,238,634725.97,District 16,16,056,25
,MS 35 STEPHEN DECATUR,209,557385.41,District 16,16,056,25
,JHS 57 WHITELAW REID,211,562719.25,District 16,16,056,25
,PS 81 THADDEUS STEVENS,337,898750.64,District 16,16,056,25
,PS 243 THE WEEKSVILLE SCHOOL,251,669395.88,District 16,16,056,25
,PS 262 EL HAJJ MALIK EL SHABAZZ,482,1285453.44,District 16,16,056,25
,"MS 267 MATH, SCIENCE & TECH",289,770738.68,District 16,16,056,25
,PS 308 CLARA CARDWELL,445,1186777.56,District 16,16,056,25
,PS 309 GEORGE E WIBECAN PREP,261,696065.04,District 16,16,056,25
,PS 335 GRANVILLE T WOODS,365,973424.29,District 16,16,056,25
,SCHOOL-BUSINESS FINANCE & ENTREPRENE,113,301361.49,District 16,16,056,25
,FREDERICK DOUGLASS ACADEMY IV,161,429373.45,District 16,16,056,25
,UPPER SCHOOL AT PS 25,153,408038.13,District 16,16,056,25
,MS 584,131,349365.98,District 16,16,056,25
,BROOKLYN BROWNSTONE SCHOOL,198,528049.34,District 16,16,056,25
,BOYS AND GIRLS HIGH SCHOOL,895,2386889.69,District 16,16,056,25
,THE BROOKYLN ACAD OF GLOBAL FINANCE,151,402704.29,District 16,16,056,25
,PS 167 THE PARKWAY,169,450708.78,District 17,17,056,20
,MIDDLE SCH-ACADEMIC & SOCIAL EXC,170,453375.70,District 17,17,056,25
,SCHOOL OF INTEGRATED LRNING (THE),239,637392.89,District 17,17,056,25
,PATHWAYS TECH EARLY COLLEGE HIGH SCH,333,888082.98,District 17,17,056,25
,PAUL ROBESON HIGH SCHOOL,38,101342.80,District 17,17,056,25
,ACADEMY FOR HEALTH CAREERS,318,848079.24,District 17,17,056,25
,PS 753 SCHOOL FOR CAREER DVLPMNT,234,624058.31,District 75,75,057,25
,PS 3 THE BEDFORD VILLAGE,460,1226781.29,District 13,13,057,25
,PS 9 TEUNIS G BERGEN,663,1768165.21,District 13,13,057,25
,PS 11 PURVIS J BEHAN,669,1784166.71,District 13,13,057,25
,PS 20 CLINTON HILL,301,802741.67,District 13,13,057,25
,PS 54 SAMUEL C BARNES,221,589388.40,District 13,13,057,25
,PS 56 LEWIS H LATIMER,217,578720.74,District 13,13,057,25
,PS 67 CHARLES A DORSEY,273,728068.03,District 13,13,057,25
,SATELLITE THREE,59,157348.04,District 13,13,057,25
,MS 113 RONALD EDMONDS LEARNING CTR,723,1928180.16,District 13,13,057,25
,PS 270 JOHANN DEKALB,146,389369.71,District 13,13,057,25
,PS 287 BAILEY K ASHFORD,198,528049.34,District 13,13,057,25
,MS 596 PEACE ACADEMY,85,226687.85,District 13,13,057,25
,"BROOKLYN COMM HS-COMM, ARTS, MEDIA",404,1077434.01,District 13,13,057,25
,BROOKLYN TECH HIGH SCHOOL,5452,14540025.24,District 13,13,057,25
,"URBAN ASSEMBLY ACAD OF ARTS, LETTERS",488,1301454.94,District 13,13,057,25
,ACORN COMMUNITY HIGH SCHOOL,629,1677490.07,District 13,13,057,25
,BEDFORD ACADEMY HIGH SCHOOL,362,965423.54,District 13,13,057,25
,BROOKLYN HS-LEADERSHIP & COMMUNITY,211,562719.25,District 13,13,057,25
,KHALIL GIBRAN INTERNATIONAL ACADEMY,93,248023.17,District 15,15,057,25
,PS 22,22,58672.15,District 17,17,057,20
,PS 241 EMMA L JOHNSTON,603,1608150.26,District 17,17,057,21
,PS 316 ELIJAH STROUD,273,728068.03,District 17,17,057,20
,EBBETS FIELD MIDDLE SCHOOL,295,786740.18,District 17,17,057,20
,ELIJAH STROUD MIDDLE SCHOOL,268,714733.45,District 17,17,057,20
,PS 375 JACKIE ROBINSON SCHOOL,474,1264118.12,District 17,17,057,20
,W E B DUBOIS ACADEMIC HIGH SCHOOL,124,330697.57,District 17,17,057,20
,INTERNTL HS AT PROSPECT HGHTS,391,1042764.10,District 17,17,057,21
,HIGH SCH FOR GLOBAL CITIZENSHIP(THE),254,677396.63,District 17,17,057,21
,BROOKLYN ACADEMY OF SCI & ENVIRON,466,1242782.79,District 17,17,057,21
,BROOKLYN SCHOOL FOR MUSIC & THEATER,401,1069433.26,District 17,17,057,21
,CLARA BARTON HIGH SCHOOL,1522,4059045.93,District 17,17,057,21
,PS 140,272,725401.11,District 75,75,058,19
,PS 66,746,1989519.23,District 18,18,058,21
,PS 135 SHELDON A BROOKNER,646,1722827.64,District 18,18,058,20
,PS 208 ELSA EBELING,463,1234782.04,District 18,18,058,21
,IS 211 JOHN WILSON,706,1882842.59,District 18,18,058,19
,PS 219 KENNEDY-KING,545,1453469.14,District 18,18,058,20
,PS 233 LANGSTON HUGHES,509,1357460.17,District 18,18,058,21
,PS 244 RICHARD R GREEN,664,1770832.13,District 18,18,058,21
,PS 268 EMMA LAZARUS,422,1125438.49,District 18,18,058,20
,PS 279 HERMAN SCHREIBER,482,1285453.44,District 18,18,058,19
,IS 285 MEYER LEVIN,914,2437561.09,District 18,18,058,21
,SCIENCE & MEDICINE MIDDLE SCHOOL,389,1037430.27,District 18,18,058,19
,EAST FLATBUSH COMM RESEARCH SCHOOL,245,653394.38,District 18,18,058,20
,MIDDLE SCHOOL FOR ART AND PHILOSOPHY,323,861413.82,District 18,18,058,20
,MS OF MARKETING AND LEGAL STUDIES,312,832077.75,District 18,18,058,20
,IT TAKES A VILLAGE ACADEMY,498,1328124.10,District 18,18,058,21
,KURT HAHN EXPEDITIONARY LRNING SCH,290,773405.60,District 18,18,058,21
,ARTS & MEDIA PREP ACADEMY,291,776072.51,District 18,18,058,20
,CULTURAL ACADEMY-ARTS AND SCIENCES,299,797407.84,District 18,18,058,21
,OLYMPUS ACADEMY,153,408038.13,District 18,18,058,19
,EAST BROOKLYN COMMUNITY HIGH SCHOOL,178,474711.02,District 18,18,058,19
,PS 109,551,1469470.64,District 22,22,058,21
,PS 198,478,1274785.78,District 22,22,058,21
,PS 165 IDA POSNER,445,1186777.56,District 23,23,058,19
,KAPPA V,233,621391.39,District 23,23,058,19
,BROOKLYN DEMOCRACY ACADEMY,156,416038.87,District 23,23,058,19
,METROPOLITAN DIPLOMA PLUS HIGH SCH,146,389369.71,District 23,23,058,19
,IS 68 ISAAC BILDERSEE,754,2010854.56,District 18,18,059,19
,PS 114 RYDER ELEMENTARY,575,1533476.62,District 18,18,059,19
,PS 115 DANIEL MUCATEL SCHOOL,1114,2970944.26,District 18,18,059,19
,PS 272 CURTIS ESTABROOK,511,1362794.00,District 18,18,059,19
,PS 276 LOUIS MARSHALL,723,1928180.16,District 18,18,059,19
,BROOKLYN GENERATION SCHOOL,292,778739.43,District 18,18,059,19
,BROOKLYN THEATRE ARTS HIGH SCHOOL,406,1082767.84,District 18,18,059,19
,VICTORY COLLEGIATE HIGH SCHOOL,332,885416.06,District 18,18,059,19
,BROOKLYN BRIDGE ACADEMY,167,445374.95,District 18,18,059,19
,HS FOR INNOVATION -ADVERTISING/MEDIA,317,845412.33,District 18,18,059,19
,HIGH SCHOOL FOR MEDICAL PROFESSIONS,441,1176109.89,District 18,18,059,19
,ACAD FOR CONSERVATION & ENVIRONMENT,278,741402.61,District 18,18,059,19
,URBAN ACTION ACADEMY,304,810742.42,District 18,18,059,19
,JHS 78 ROY H MANN,913,2434894.18,District 22,22,059,19
,PS 203 FLOYD BENNETT SCHOOL,716,1909511.75,District 22,22,059,19
,PS 207 ELIZABETH G LEARY,1239,3304308.74,District 22,22,059,22
,PS 236 MILL BASIN,542,1445468.39,District 22,22,059,19
,PS 251 PAERDEGAT,517,1378795.50,District 22,22,059,21
,PS 277 GERRITSEN BEACH,423,1128105.41,District 22,22,059,22
,PS 312 BERGEN BEACH,846,2256210.81,District 22,22,059,19
,PS 4,334,890749.90,District 75,75,060,19
,PS 36,258,688064.29,District 75,75,060,19
,PS 53,406,1082767.84,District 75,75,060,19
,PS 13 ROBERTO CLEMENTE,457,1218780.55,District 19,19,060,19
,PS 149 DANNY KAYE,666,1776165.96,District 19,19,060,19
,JHS 166 GEORGE GERSHWIN,230,613390.65,District 19,19,060,19
,PS 174 DUMONT,220,586721.49,District 19,19,060,19
,PS 190 SHEFFIELD,185,493379.43,District 19,19,060,19
,PS 202 ERNEST S JENKYNS,635,1693491.57,District 19,19,060,19
,PS 213 NEW LOTS,413,1101436.25,District 19,19,060,19
,PS 214 MICHAEL FRIEDSAM,878,2341552.12,District 19,19,060,19
,JHS 218 JAMES P SINNOTT,485,1293454.19,District 19,19,060,19
,PS 224 HALE A WOODRUFF,533,1421466.15,District 19,19,060,19
,PS 260 BREUCKELEN,28,74673.64,District 19,19,060,19
,PS 273 WORTMAN,347,925419.80,District 19,19,060,19
,PS 306 ETHAN ALLEN,613,1634819.42,District 19,19,060,19
,ESSENCE SCHOOL,146,389369.71,District 19,19,060,19
,FRESH CREEK SCHOOL (THE),180,480044.85,District 19,19,060,19
,PS 328 PHYLLIS WHEATLEY,363,968090.46,District 19,19,060,19
,PS 346 ABE STARK,597,1592148.77,District 19,19,060,19
,IS 364 GATEWAY,368,981425.03,District 19,19,060,19
,FDA VIII MIDDLE SCHOOL,297,792074.01,District 19,19,060,19
,EAST NEW YORK ELEMENTARY-EXCELLENCE,537,1432133.81,District 19,19,060,19
,EAST NEW YORK MIDDLE SCH-EXCELLENCE,244,650727.47,District 19,19,060,19
,ACADEMY FOR YOUNG WRITERS,504,1344125.59,District 19,19,060,19
,EAST NY FAMILY ACADEMY,465,1240115.87,District 19,19,060,19
,FDNY HIGH SCHOOL-FIRE & LIFE SAFETY,299,797407.84,District 19,19,060,19
,HIGH SCHOOL FOR CIVIL RIGHTS,342,912085.22,District 19,19,060,19
,PERF ARTS & TECH HIGH SCHOOL,434,1157441.48,District 19,19,060,19
,WORLD ACAD FOR TOTAL COM HEALTH,309,824077.00,District 19,19,060,19
,SCH FOR CLASSICS: AN ACADEMY-TWP,306,816076.25,District 19,19,060,19
,PS 41 FRANCIS WHITE,551,1469470.64,District 23,23,060,19
,PS 184 NEWPORT,517,1378795.50,District 23,23,060,19
,PS 373,432,1152107.65,District 75,75,061,23
,RICHARD H HUNGERFORD SCHOOL (THE),397,1058765.59,District 75,75,061,23
,PS 14 CORNELIUS VANDERBILT,200,533383.17,District 31,31,061,23
,PS 16 JOHN J DRISCOLL,694,1850839.60,District 31,31,061,23
,PS 18 JOHN G WHITTIER,571,1522808.95,District 31,31,061,23
,PS 19 THE CURTIS SCHOOL,587,1565479.61,District 31,31,061,23
,PS 20 PORT RICHMOND,501,1336124.84,District 31,31,061,23
,PS 21 MARGARET EMERY-ELM PARK,447,1192111.39,District 31,31,061,23
,PS 22 GRANITEVILLE,1000,2666915.86,District 31,31,061,23
,IS 27 ANNING S PRALL,1123,2994946.51,District 31,31,061,24
,PS 31 WILLIAM T DAVIS,453,1208112.88,District 31,31,061,23
,PS 44 THOMAS C BROWN,813,2168202.59,District 31,31,061,23
,PS 45 JOHN TYLER,911,2429560.34,District 31,31,061,24
,IS 49 BERTHA A DREYFUS,796,2122865.02,District 31,31,061,23
,IS 51 EDWIN MARKHAM,1123,2994946.51,District 31,31,061,24
,PS 57 HUBERT H HUMPHREY,601,1602816.43,District 31,31,061,23
,IS 61 WILLIAM A MORRIS,1178,3141626.88,District 31,31,061,24
,PS 65 THE ACAD OF INNOVATIVE LRNING,366,976091.20,District 31,31,061,23
,PS 74 FUTURE LEADERS ELEMENTARY,258,688064.29,District 31,31,061,23
,PORT RICHMOND HIGH SCHOOL,1760,4693771.91,District 31,31,061,23
,CURTIS HIGH SCHOOL,2380,6347259.74,District 31,31,061,23
,CONCORD HIGH SCHOOL,146,389369.71,District 31,31,061,23
,RALPH R MCKEE CAREER-TECH HIGH SCH,620,1653487.83,District 31,31,061,23
,SOUTH RICHMOND HIGH SCH IS/PS 25,520,1386796.24,District 75,75,062,24
,GREAT KILLS HIGH SCHOOL PS37,328,874748.40,District 75,75,062,24
,PS 1 TOTTENVILLE,489,1304121.85,District 31,31,062,24
,PS 3 THE MARGARET GIOIOSA SCHOOL,975,2600242.96,District 31,31,062,24
,PS 5 HUGUENOT,212,565386.16,District 31,31,062,24
,PS 6 CPL ALLAN F KIVLEHAN SCHOOL,720,1920179.42,District 31,31,062,24
,IS 7 ELIAS BERNSTEIN,1206,3216300.52,District 31,31,062,24
,PS 23 RICHMONDTOWN,467,1245449.70,District 31,31,062,24
,PS 32 THE GIFFORD SCHOOL,751,2002853.81,District 31,31,062,24
,IS 34 TOTTENVILLE,1152,3072287.07,District 31,31,062,24
,PS 36 J C DRUMGOOLE,876,2336218.29,District 31,31,062,24
,PS 42 ELTINGVILLE,871,2322883.71,District 31,31,062,24
,PS 55 HENRY M BOEHM,628,1674823.16,District 31,31,062,24
,PS 56 THE LOUIS DESARIO SCHOOL,672,1792167.45,District 31,31,062,24
,IS 75 FRANK D PAULO,1342,3579001.08,District 31,31,062,24
,TOTTENVILLE HIGH SCHOOL,3910,10427640.99,District 31,31,062,24
,PS 4 MAURICE WOLLIN,733,1954849.32,District 31,31,063,24
,PS 11 THOMAS DONGAN SCHOOL,259,690731.21,District 31,31,063,24
,PS 26 THE CARTERET SCHOOL,176,469377.19,District 31,31,063,24
,PS 29 BARDWELL,759,2024189.13,District 31,31,063,24
,PS 30 WESTERLEIGH,792,2112197.36,District 31,31,063,24
,PS 35 THE CLOVE VALLEY SCHOOL,364,970757.37,District 31,31,063,24
,PS 48 WILLIAM C WILCOX,712,1898844.09,District 31,31,063,24
,PS 54 CHARLES W LENG,767,2045524.46,District 31,31,063,24
,SPACE SHUTTLE COLUMBIA SCHOOL,764,2037523.71,District 31,31,063,24
,PS 60 ALICE AUSTEN,871,2322883.71,District 31,31,063,24
,MARSH AVE SCH FOR EXPEDITIONARY LRN,440,1173442.98,District 31,31,063,24
,PS 69 DANIEL D TOMPKINS,936,2496233.24,District 31,31,063,24
,IS 72 ROCCO LAURIE,1248,3328310.99,District 31,31,063,24
,PS 78,484,1290787.27,District 31,31,063,24
,STATEN ISLAND SCH-CIVIC LEADERSHIP,831,2216207.08,District 31,31,063,23
,CSI HS-INTERNATIONAL STUDIES,526,1402797.74,District 31,31,063,24
,G MCCOWN EXPEDITIONARY LEARNING SCH,467,1245449.70,District 31,31,063,24
,MICHAEL J PETRIDES SCHOOL (THE),1262,3365647.81,District 31,31,063,24
,SUSAN E WAGNER HIGH SCHOOL,3428,9142187.55,District 31,31,063,24
,PS/IS 30 MARY WHITE OVINGTON,510,1360127.09,District 20,20,064,22
,PS 102 THE BAYVIEW,1344,3584334.91,District 20,20,064,22
,RALPH A FABRIZIO SCHOOL,940,2506900.90,District 20,20,064,22
,FORT HAMILTON HIGH SCHOOL,4282,11419733.69,District 20,20,064,22
,IS 2 GEORGE L EGBERT,888,2368221.28,District 31,31,064,24
,PS 8 SHIRLEE SOLOMON,513,1368127.83,District 31,31,064,24
,PS 13 M L LINDENMEYER,817,2178870.25,District 31,31,064,23
,IS 24 MYRA S BARNES,1388,3701679.21,District 31,31,064,24
,PS 38 GEORGE CROMWELL,324,864080.74,District 31,31,064,24
,PS 39 FRANCIS J MURPHY JR,551,1469470.64,District 31,31,064,23
,PS 41 NEW DORP,665,1773499.04,District 31,31,064,24
,PS 46 ALBERT V MANISCALCO,313,834744.66,District 31,31,064,23
,PS 50 FRANK HANKINSON,838,2234875.49,District 31,31,064,24
,PS 52 JOHN C THOMPSON,483,1288120.36,District 31,31,064,24
,PS 53 BAY TERRACE,610,1626818.67,District 31,31,064,24
,NEW DORP HIGH SCHOOL,2708,7222008.14,District 31,31,064,24
,STATEN ISLAND TECH HIGH SCHOOL,1235,3293641.08,District 31,31,064,24
,PS 20 ANNA SILVER,581,1549478.11,District 1,1,065,26
,PS 110 FLORENCE NIGHTINGALE,380,1013428.03,District 1,1,065,26
,PS 134 HENRIETTA SZOLD,283,754737.19,District 1,1,065,26
,PS 137 JOHN L BERNSTEIN,187,498713.26,District 1,1,065,26
,PS 140 NATHAN STRAUS,387,1032096.44,District 1,1,065,26
,PS 142 AMALIA CASTRO,359,957422.79,District 1,1,065,26
,PS 184 SHUANG WEN,638,1701492.32,District 1,1,065,26
,UNIV NEIGHBORHOOD MIDDLE SCHOOL,99,264024.67,District 1,1,065,26
,CASTLE,171,456042.61,District 1,1,065,26
,SCHOOL FOR GLOBAL LEADERS,245,653394.38,District 1,1,065,26
,HENRY STREET SCHOOL,314,837411.58,District 1,1,065,26
,UNIVERSITY NEIGHBORHOOD HIGH SCHOOL,305,813409.34,District 1,1,065,26
,FORSYTHE SATELLITE ACADEMY,178,474711.02,District 1,1,065,26
,MARTA VALLE HIGH SCHOOL,399,1064099.43,District 1,1,065,26
,LOWER EAST SIDE PREP HIGH SCHOOL,480,1280119.61,District 1,1,065,26
,"NEW EXPLORATIONS SCI, TECH & MATH",1715,4573760.69,District 1,1,065,26
,CASCADES HIGH SCHOOL,212,565386.16,District 1,1,065,26
,PS 1 ALFRED E SMITH,458,1221447.46,District 2,2,065,26
,PS 2 MEYER LONDON,779,2077527.45,District 2,2,065,26
,PS 42 BENJAMIN ALTMAN,753,2008187.64,District 2,2,065,26
,PS 124 YUNG WING,831,2216207.08,District 2,2,065,26
,PS 126 JACOB AUGUST RIIS,787,2098862.78,District 2,2,065,26
,PS 130 HERNANDO DE SOTO,970,2586908.38,District 2,2,065,26
,MS 131,435,1160108.40,District 2,2,065,26
,BATTERY PARK CITY SCHOOL,839,2237542.40,District 2,2,065,26
,MILLENNIUM HIGH SCHOOL,619,1650820.91,District 2,2,065,26
,LOWER MANHATTAN COM MIDDLE SCHOOL,352,938754.38,District 2,2,065,26
,ESSEX STREET ACADEMY,349,930753.63,District 2,2,065,26
,PACE HIGH SCHOOL,421,1122771.58,District 2,2,065,26
,URBAN ACADEMY-GOV'T & LAW,325,866747.65,District 2,2,065,26
,LOWER MANHATTAN ARTS ACADEMY,362,965423.54,District 2,2,065,26
,URBAN SCH-BUSINESS-YNG WOMEN,423,1128105.41,District 2,2,065,26
,EMMA LAZARUS HIGH SCHOOL,211,562719.25,District 2,2,065,26
,LEADERSHIP & PUBLIC SERVICE HIGH SCH,688,1834838.11,District 2,2,065,26
,HIGH SCHOOL OF ECONOMICS & FINANCE,776,2069526.70,District 2,2,065,26
,MURRY BERGTRAUM HS FOR BUS CAR,1471,3923033.22,District 2,2,065,26
,NEW DESIGN HIGH SCHOOL,442,1178776.81,District 2,2,065,26
,HS-DUAL LANGUAGE & ASIAN STUDIES,410,1093435.50,District 2,2,065,26
,URBAN ASSEMBLY NY HARBOR SCHOOL,447,1192111.39,District 2,2,065,26
,RICHARD R GREEN HS OF TEACHING,596,1589481.85,District 2,2,065,26
,PS 721 MANHATTAN OCC TRNING CTR,200,533383.17,District 75,75,066,27
,MANHATTAN SCHOOL FOR CAREER DVLPMNT,211,562719.25,District 75,75,066,27
,PS 19 ASHER LEVY,244,650727.47,District 1,1,066,27
,"TECHNOLOGY, ARTS AND SCIENCES STUDIO",157,418705.79,District 1,1,066,27
,PS 3 CHARRETTE SCHOOL,759,2024189.13,District 2,2,066,27
,PS 41 GREENWICH VILLAGE,764,2037523.71,District 2,2,066,27
,PS 89,436,1162775.31,District 2,2,066,26
,PS 150,164,437374.20,District 2,2,066,26
,PS 234 INDEPENDENCE SCHOOL,785,2093528.95,District 2,2,066,26
,IS 289,293,781406.35,District 2,2,066,26
,SPRUCE STREET SCHOOL,297,792074.01,District 2,2,066,26
,NYC ISCHOOL,431,1149440.73,District 2,2,066,26
,LEGACY SCHOOL FOR INTEGRATED STUDIES,81,216020.18,District 2,2,066,27
,STUYVESANT HIGH SCHOOL,3293,8782153.91,District 2,2,066,26
,HS 560 CITY-AS-SCHOOL,583,1554811.94,District 2,2,066,27
,CHELSEA CAREER AND TECH ED HS,450,1200112.13,District 2,2,066,26
,PS 35,248,661395.13,District 75,75,067,27
,PS 811 MICKEY MANTLE SCHOOL,305,813409.34,District 75,75,067,31
,PS 111 ADOLPH S OCHS,488,1301454.94,District 2,2,067,27
,FOOD & FINANCE HIGH SCHOOL,448,1194778.30,District 2,2,067,27
,HIGH SCHOOL OF HOSPITALITY MGMNT,432,1152107.65,District 2,2,067,27
,URBAN ASSMBLY SCH-DESIGN & CONST,426,1136106.15,District 2,2,067,27
,FACING HISTORY SCHOOL (THE),415,1106770.08,District 2,2,067,27
,HS FOR ENVIRONMENTAL STUDIES,1318,3514995.10,District 2,2,067,27
,MANHATTAN BRIDGES HIGH SCHOOL,551,1469470.64,District 2,2,067,27
,INDEPENDENCE HIGH SCHOOL,272,725401.11,District 2,2,067,27
,PS 87 WILLIAM SHERMAN,884,2357553.62,District 3,3,067,29
,PS 191 AMSTERDAM,456,1216113.63,District 3,3,067,27
,PS 199 JESSIE ISADOR STRAUS,836,2229541.66,District 3,3,067,27
,MS 245 THE COMPUTER SCHOOL,410,1093435.50,District 3,3,067,29
,ANDERSON SCHOOL (THE),575,1533476.62,District 3,3,067,29
,PS 452,220,586721.49,District 3,3,067,29
,MANHATTAN THEATRE LAB HIGH SCHOOL,131,349365.98,District 3,3,067,31
,HIGH SCH-ARTS IMAGNTN & INQUIRY,432,1152107.65,District 3,3,067,31
,URBAN ASSMBLY SCH-MEDIA STUDIES,383,1021428.77,District 3,3,067,31
,BEACON HIGH SCHOOL,1274,3397650.80,District 3,3,067,27
,FIORELLO H LAGUARDIA HIGH SCHOOL,2729,7278013.37,District 3,3,067,31
,HS FOR LAW ADVCY & COMM JUST,530,1413465.40,District 3,3,067,31
,HIGH SCHOOL OF ARTS AND TECHNOLOGY,591,1576147.27,District 3,3,067,31
,MANHATTAN/HUNTER SCIENCE HIGH SCHOOL,462,1232115.13,District 3,3,067,31
,SPECIAL MUSIC SCHOOL,191,509380.93,District 3,3,067,27
,PS 79 HORAN SCHOOL,248,661395.13,District 75,75,068,30
,PS 138,531,1416132.32,District 75,75,068,30
,PS 77 LOWER LAB SCHOOL,345,920085.97,District 2,2,068,28
,PS 198 ISADOR E IDA STRAUS,465,1240115.87,District 2,2,068,28
,LIFE SCIENCES SECONDARY SCHOOL,774,2064192.87,District 2,2,068,29
,PS 185 EARLY CHLDHD DISCOVERY,167,445374.95,District 3,3,068,30
,PS 208 ALAIN L LOCKE,162,432040.37,District 3,3,068,30
,PS 7 SAMUEL STERN,362,965423.54,District 4,4,068,30
,TAG YOUNG SCHOLARS,528,1408131.57,District 4,4,068,29
,JHS 13 JACKIE ROBINSON,105,280026.16,District 4,4,068,30
,RIVER EAST ELEMENTARY,208,554718.50,District 4,4,068,30
,PS 38 ROBERTO CLEMENTE,248,661395.13,District 4,4,068,29
,PS 50 VITO MARCANTONIO,303,808075.50,District 4,4,068,30
,JAMES WELDON JOHNSON SCHOOL,804,2144200.35,District 4,4,068,30
,LEXINGTON ACADEMY (THE),443,1181443.72,District 4,4,068,29
,PS 83 LUIS MUNOZ RIVERA,439,1170776.06,District 4,4,068,29
,PS 96 JOSEPH LANZETTA,485,1293454.19,District 4,4,068,30
,PS 102 JACQUES CARTIER,295,786740.18,District 4,4,068,30
,PS 108 ASSEMBLYMAN ANGELO DEL TORO,655,1746829.89,District 4,4,068,30
,PS 112 JOSE CELSO BARBOSA,326,869414.57,District 4,4,068,29
,PS 146 ANN M SHORT,392,1045431.02,District 4,4,068,30
,PS 155 WILLIAM PACA,321,856079.99,District 4,4,068,29
,PS 171 PATRICK HENRY,696,1856173.44,District 4,4,068,30
,BILINGUAL BICULTURAL SCHOOL (THE),378,1008094.19,District 4,4,068,29
,PS 206 JOSE CELSO BARBOSA,441,1176109.89,District 4,4,068,30
,MS 224 MANHATTAN EAST,186,496046.35,District 4,4,068,29
,ESPERANZA PREPATORY ACADEMY,421,1122771.58,District 4,4,068,29
,MOSAIC PREPARATORY ACADEMY,288,768071.77,District 4,4,068,29
,RENAISSANCE SCHOOL OF THE ARTS,161,429373.45,District 4,4,068,29
,GLOBAL TECHNOLOGY PREPARATORY,179,477377.94,District 4,4,068,30
,CENTRAL PARK EAST I,186,496046.35,District 4,4,068,30
,ISAAC NEWTON MS FOR MATH & SCI,326,869414.57,District 4,4,068,29
,CENTRAL PARK EAST II,244,650727.47,District 4,4,068,30
,GLOBAL NEIGHBORHOOD SECONDARY SCHOOL,150,400037.38,District 4,4,068,29
,COALITION SCHOOL FOR SOCIAL CHANGE,316,842745.41,District 4,4,068,30
,MANHATTAN CENTER-SCIENCE & MATH,1594,4251063.87,District 4,4,068,29
,PARK EAST HIGH SCHOOL,415,1106770.08,District 4,4,068,29
,CENTRAL PARK EAST HIGH SCHOOL,483,1288120.36,District 4,4,068,30
,YOUNG WOMEN'S LEADERSHIP SCHOOL,464,1237448.96,District 4,4,068,30
,ACADEMY OF ENVIRONMENTAL SCIENCE,20,53338.32,District 4,4,068,29
,HERITAGE SCHOOL (THE),348,928086.72,District 4,4,068,30
,PS 30 HERNANDEZ/HUGHES,262,698731.95,District 5,5,068,30
,PS 9 SARAH ANDERSON,613,1634819.42,District 3,3,069,29
,JHS 54 BOOKER T WASHINGTON,813,2168202.59,District 3,3,069,30
,PS 75 EMILY DICKINSON,610,1626818.67,District 3,3,069,31
,PS 84 LILLIAN WEBER,475,1266785.03,District 3,3,069,30
,PS 145 BLOOMINGDALE SCHOOL (THE),355,946755.13,District 3,3,069,30
,PS 163 ALFRED E SMITH,609,1624151.76,District 3,3,069,30
,PS 165 ROBERT E SIMON,846,2256210.81,District 3,3,069,31
,PS 166 RICHARD ROGERS SC-ARTS & SCI,585,1560145.78,District 3,3,069,29
,MS 243 CENTER SCHOOL,229,610723.73,District 3,3,069,29
,MS 247 DUAL LANG MIDDLE SCHOOL,195,520048.59,District 3,3,069,30
,MS 250 WEST SIDE COLLABORATIVE,189,504047.10,District 3,3,069,31
,MS 256 ACADEMIC & ATHLETIC EXCELLENC,164,437374.20,District 3,3,069,30
,COMMUNITY ACTION SCHOOL-MS 258,259,690731.21,District 3,3,069,30
,PS 333 MANHATTAN SCHOOL FOR CHLDRN,771,2056192.12,District 3,3,069,30
,WEST PREP ACADEMY,213,568053.08,District 3,3,069,30
,MOTT HALL II,344,917419.05,District 3,3,069,31
,URBAN ASSEMBLY FOR GREEN CAREERS,383,1021428.77,District 3,3,069,29
,GLOBAL LEARNING COLLABORATIVE (THE),478,1274785.78,District 3,3,069,29
,INNOVATION DIPLOMA PLUS,178,474711.02,District 3,3,069,29
,FRANK MCCOURT HIGH SCHOOL,374,997426.53,District 3,3,069,29
,EDWARD A REYNOLDS WEST SIDE HS,451,1202779.05,District 3,3,069,30
,PS 36 MARGARET DOUGLAS,455,1213446.71,District 5,5,069,30
,PS 76 A PHILLIP RANDOLPH,439,1170776.06,District 3,3,070,30
,PS 149 SOJOURNER TRUTH,300,800074.76,District 3,3,070,30
,PS 180 HUGO NEWMAN,545,1453469.14,District 3,3,070,30
,STEM INSTITUTE OF MANHATTAN,102,272025.42,District 3,3,070,30
,PS 242 YOUNG DIPLOMATS MAGNET,202,538717.00,District 3,3,070,30
,WADLEIGH PERF AND VISUAL ARTS,532,1418799.24,District 3,3,070,30
,FREDERICK DOUGLASS ACADEMY II,426,1136106.15,District 3,3,070,30
,PS 92 MARY MCLEOD BETHUNE,244,650727.47,District 5,5,070,30
,PS 123 MAHALIA JACKSON,538,1434800.73,District 5,5,070,30
,PS 125 RALPH BUNCHE,153,408038.13,District 5,5,070,30
,PS 129 JOHN H FINLEY,526,1402797.74,District 5,5,070,30
,PS 133 FRED R MOORE,236,629392.14,District 5,5,070,30
,PS 154 HARRIET TUBMAN,289,770738.68,District 5,5,070,30
,PS 161 PEDRO ALBIZU CAMPOS,918,2448228.76,District 5,5,070,31
,PS 175 HENRY H GARNET,359,957422.79,District 5,5,070,30
,PS 194 COUNTEE CULLEN,203,541383.92,District 5,5,070,30
,PS 197 JOHN B RUSSWURM,290,773405.60,District 5,5,070,30
,IS 286 RENAISSANCE LEADERSHIP,165,440041.12,District 5,5,070,31
,KAPPA IV,190,506714.01,District 5,5,070,30
,URBAN ASSEMBLY INST-NEW TECHNOLOGIES,95,253357.01,District 5,5,070,31
,NEW DESIGN MIDDLE SCHOOL,309,824077.00,District 5,5,070,31
,TEACHERS COLLEGE COMMUNITY SCHOOL,148,394703.55,District 5,5,070,30
,HARLEM RENAISSANCE HIGH SCHOOL,182,485378.69,District 5,5,070,30
,MOTT HALL HIGH SCHOOL,424,1130772.32,District 5,5,070,30
,COLUMBIA SECONDARY SCHOOL,664,1770832.13,District 5,5,070,30
,ACADEMY FOR SOCIAL ACTION,310,826743.92,District 5,5,070,31
,URBAN ASSEMBLY FOR THE PERFORM ARTS,363,968090.46,District 5,5,070,31
,CHOIR ACADEMY OF HARLEM,183,488045.60,District 5,5,070,30
,THURGOOD MARSHALL ACAD FOR LEARNING,575,1533476.62,District 5,5,070,30
,BREAD & ROSES INTEGRATED ARTS HS,271,722734.20,District 5,5,070,30
,HS MATH SCI & ENGNRNG AT CCNY,454,1210779.80,District 5,5,070,31
,PS 192 JACOB H SCHIFF,313,834744.66,District 6,6,070,31
,MOTT HALL SCHOOL (THE),284,757404.10,District 6,6,070,30
,PS 325,280,746736.44,District 6,6,070,31
,A PHILIP RANDOLPH CAMPUS HIGH SCHOOL,1374,3664342.39,District 6,6,070,30
,PS 46 ARTHUR TAPPAN,790,2106863.53,District 5,5,071,30
,PS 200 JAMES MCCUNE SMITH SCH (THE),460,1226781.29,District 5,5,071,30
,THURGOOD MARSHALL ACADEMY LOWER SCH,220,586721.49,District 5,5,071,30
,FREDERICK DOUGLASS ACADEMY,1474,3931033.97,District 5,5,071,30
,PS 4 DUKE ELLINGTON,697,1858840.35,District 6,6,071,31
,PS 28 WRIGHT BROTHERS,781,2082861.28,District 6,6,071,30
,PS 48 PO MICHAEL J BUCZEK,583,1554811.94,District 6,6,071,31
,PS 153 ADAM CLAYTON POWELL,832,2218873.99,District 6,6,071,31
,PS 173,641,1709493.06,District 6,6,071,31
,PS/IS 187 HUDSON CLIFFS,782,2085528.20,District 6,6,071,31
,PS/IS 210 21ST CENTURY ACADEMY,454,1210779.80,District 6,6,071,30
,IS 218 SALOME URENA,251,669395.88,District 6,6,071,31
,MIDDLE SCHOOL 322,374,997426.53,District 6,6,071,31
,HARBOR HEIGHTS,158,421372.71,District 6,6,071,31
,HAMILTON HEIGHTS SCHOOL,243,648060.55,District 6,6,071,31
,CITY COLLEGE ACADEMY OF THE ARTS,595,1586814.93,District 6,6,071,31
,GREGORIO LUPERON HS-SCI & MATH,483,1288120.36,District 6,6,071,31
,PS 5 ELLEN LURIE,681,1816169.70,District 6,6,072,31
,PS 8 LUIS BELLIARD,561,1496139.79,District 6,6,072,31
,PS 18 PARK TERRACE,430,1146773.82,District 6,6,072,31
,JHS 52 INWOOD,534,1424133.07,District 6,6,072,31
,PS 98 SHORAC KAPPOCK,548,1461469.89,District 6,6,072,31
,PS 115 ALEXANDER HUMBOLDT,553,1474804.47,District 6,6,072,31
,PS 128 AUDUBON,548,1461469.89,District 6,6,072,31
,PS 132 JUAN PABLO DUARTE,632,1685490.82,District 6,6,072,31
,JHS 143 ELEANOR ROOSEVELT,446,1189444.47,District 6,6,072,31
,PS 152 DYCKMAN VALLEY,626,1669489.33,District 6,6,072,31
,PROFESSOR JUAN BOSCH PS,245,653394.38,District 6,6,072,31
,PS 189,1050,2800261.65,District 6,6,072,31
,PAULA HEDBAVNY SCHOOL,527,1405464.66,District 6,6,072,31
,AMISTAD DUAL LANGUAGE SCHOOL,428,1141439.99,District 6,6,072,31
,MUSCOTA,259,690731.21,District 6,6,072,31
,MS 319 MARIE TERESA,639,1704159.23,District 6,6,072,31
,MS 324 PATRIA MIRABAL,452,1205445.97,District 6,6,072,31
,MS 326 WRITERS TODAY & LDRS TOMORROW,277,738735.69,District 6,6,072,31
,MS 328 MANH MIDDLE SCH-SCIENCE,288,768071.77,District 6,6,072,31
,WASHINGTON HEIGHTS ACADEMY,355,946755.13,District 6,6,072,31
,IS 528 BEA FULLER RODGERS SCHOOL,224,597389.15,District 6,6,072,31
,COMMUNITY HEALTH ACAD OF THE HEIGHTS,596,1589481.85,District 6,6,072,31
,WASHINGTON HGTS EXPEDITIONARY LEARN,653,1741496.05,District 6,6,072,31
,HIGH SCH-EXCELLENCE AND INNOVATION,204,544050.83,District 6,6,072,31
,COLLEGE ACADEMY (THE),546,1456136.06,District 6,6,072,31
,HIGH SCHOOL-MEDIA & COMMUNICATIONS,536,1429466.90,District 6,6,072,31
,HIGH SCHOOL-LAW & PUBLIC SERVICE,678,1808168.95,District 6,6,072,31
,HIGH SCHOOL-HEALTH CAREERS & SCIES,631,1682823.90,District 6,6,072,31
,BRONX ENG & TECH ACADEMY,415,1106770.08,District 10,10,072,31
,BRONX SCHOOL OF LAW & FINANCE,433,1154774.57,District 10,10,072,31
,ENGLISH LANGUAGE LEARNERS-INTER SUPP,267,712066.53,District 10,10,072,31
,JOHN F KENNEDY HIGH SCHOOL,143,381368.97,District 10,10,072,31
,MARBLE HILL HS-INTRNTNL STUDIES,443,1181443.72,District 10,10,072,31
,BRONX THEATRE HIGH SCHOOL,438,1168109.14,District 10,10,072,31
,PS 169 ROBERT F KENNEDY,274,730734.94,District 75,75,073,28
,PS 6 LILLIE D BLAKE,752,2005520.72,District 2,2,073,28
,PS 116 MARY LINDLEY MURRAY,719,1917512.50,District 2,2,073,28
,ART AND DESIGN HIGH SCHOOL,1427,3805688.93,District 2,2,073,28
,PS 94,295,786740.18,District 75,75,074,26
,PS 226,299,797407.84,District 75,75,074,27
,PS 15 ROBERTO CLEMENTE,161,429373.45,District 1,1,074,26
,PS 34 FRANKLIN D ROOSEVELT,372,992092.70,District 1,1,074,27
,STAR ACADEMY PS 63 (THE),160,426706.54,District 1,1,074,26
,PS 64 ROBERT SIMON,256,682730.46,District 1,1,074,27
,PS 188 ISLAND SCHOOL (THE),471,1256117.37,District 1,1,074,26
,EAST VILLAGE COMMUNITY SCHOOL (THE),239,637392.89,District 1,1,074,27
,CHILDREN'S WORKSHOP SCHOOL (THE),220,586721.49,District 1,1,074,27
,NEIGHBORHOOD SCHOOL,284,757404.10,District 1,1,074,26
,EARTH SCHOOL,302,805408.59,District 1,1,074,27
,TOMPKINS SQUARE MIDDLE SCHOOL,376,1002760.36,District 1,1,074,27
,EAST SIDE COMMUNITY SCHOOL,650,1733495.31,District 1,1,074,27
,BARD HIGH SCHOOL EARLY COLLEGE,563,1501473.63,District 1,1,074,26
,PS 40 AUGUSTUS SAINT-GAUDENS,599,1597482.60,District 2,2,074,27
,AMERICAN SIGN LANG & ENG SECONDAR,183,488045.60,District 2,2,074,28
,JHS 104 SIMON BARUCH,1030,2746923.33,District 2,2,074,27
,MS 255 SALK SCHOOL OF SCIENCE,379,1010761.11,District 2,2,074,27
,47 AMER SIGN LANG & ENG LOWER,152,405371.21,District 2,2,074,28
,SCHOOL OF THE FUTURE HIGH SCHOOL,715,1906844.84,District 2,2,074,28
,GRAMERCY ARTS HIGH SCHOOL,554,1477471.38,District 2,2,074,28
,HIGH SCHOOL-LANGUAGE AND DIPLOMACY,350,933420.55,District 2,2,074,28
,INST FOR COLLABORATIVE EDUCATION,463,1234782.04,District 2,2,074,27
,HS-HEALTH PROFESSIONS & HUMAN SVCS,1699,4531090.04,District 2,2,074,27
,INTERNATIONAL HS AT UNION SQUARE,328,874748.40,District 2,2,074,28
,WASHINGTON IRVING HIGH SCHOOL,308,821410.08,District 2,2,074,28
,MANHATTAN COMP NIGHT AND DAY HS,640,1706826.15,District 2,2,074,27
,PS 11 WILLIAM T HARRIS,799,2130865.77,District 2,2,075,27
,PS 33 CHELSEA PREP,529,1410798.49,District 2,2,075,31
,PS 212 MIDTOWN WEST,342,912085.22,District 2,2,075,27
,MS 260 CLINTON SCH WRITERS & ARTISTS,267,712066.53,District 2,2,075,31
,NYC LAB MS-COLLABORATIVE STUDIES,575,1533476.62,District 2,2,075,27
,NYC LAB HS-COLLABORATIVE STUDIES,599,1597482.60,District 2,2,075,27
,NYC MUSEUM SCHOOL,462,1232115.13,District 2,2,075,27
,JAMES BALDWIN SCHOOL (THE),231,616057.56,District 2,2,075,27
,MANHATTAN BUSINESS ACADEMY,425,1133439.24,District 2,2,075,27
,BUSINESS OF SPORTS SCHOOL,414,1104103.16,District 2,2,075,27
,PROFESSIONAL PERF ARTS HIGH SCHOOL,510,1360127.09,District 2,2,075,27
,BARUCH COLLEGE CAMPUS HIGH SCHOOL,440,1173442.98,District 2,2,075,28
,LANDMARK HIGH SCHOOL,391,1042764.10,District 2,2,075,27
,QUEST TO LEARN,480,1280119.61,District 2,2,075,27
,MANHATTAN ACAD-ARTS AND LANGUAGE,309,824077.00,District 2,2,075,28
,MURRAY HILL ACADEMY,304,810742.42,District 2,2,075,28
,HUDSON HS OF LEARNING TECHNOLOGIES,464,1237448.96,District 2,2,075,27
,MANHATTAN VILLAGE ACADEMY,415,1106770.08,District 2,2,075,28
,BALLET TECH/NYC PS FOR DANCE,149,397370.46,District 2,2,075,28
,UNITY CENTER FOR URBAN TECHNOLOGIES,255,680063.54,District 2,2,075,28
,URBAN ASSEMBLY GATEWAY SCHOOL-TECH,363,968090.46,District 2,2,075,27
,JACQUELINE KENNEDY-ONASSIS HIGH SCH,708,1888176.43,District 2,2,075,27
,REPERTORY COMPANY HS FOR THEATRE ART,236,629392.14,District 2,2,075,27
,LIBERTY HIGH SCH ACAD-NEWCOMERS,310,826743.92,District 2,2,075,27
,SATELLITE ACADEMY HIGH SCHOOL,255,680063.54,District 2,2,075,27
,HARVEY MILK HIGH SCHOOL,64,170682.61,District 2,2,075,27
,HIGH SCH OF FASHION INDUSTRIES (THE),1740,4640433.59,District 2,2,075,27
,HUMANITIES PREP ACADEMY,200,533383.17,District 2,2,075,27
,NORMAN THOMAS HIGH SCHOOL,169,450708.78,District 2,2,075,28
,HS OF GRAPHIC COMMUNICATION ARTS,715,1906844.84,District 2,2,075,27
,PS 51 ELIAS HOWE,284,757404.10,District 2,2,076,28
,PS 59 BEEKMAN HILL INTERNATIONAL,596,1589481.85,District 2,2,076,28
,EAST SIDE MIDDLE SCHOOL,445,1186777.56,District 2,2,076,28
,YORKVILLE COMMUNITY SCHOOL,480,1280119.61,District 2,2,076,28
,PS 158 BAYARD TAYLOR,710,1893510.26,District 2,2,076,28
,JHS 167 ROBERT F WAGNER,1338,3568333.41,District 2,2,076,28
,PS 183 ROBERT L STEVENSON,609,1624151.76,District 2,2,076,28
,PS/IS 217 ROOSEVELT ISLAND,476,1269451.95,District 2,2,076,29
,EAST SIDE ELEMENTARY-PS 267,227,605389.90,District 2,2,076,28
,PS 290 MANHATTAN NEW SCHOOL,674,1797501.29,District 2,2,076,28
,ELEANOR ROOSEVELT HIGH SCHOOL,533,1421466.15,District 2,2,076,28
,ELLA BAKER SCHOOL,267,712066.53,District 2,2,076,28
,VANGUARD HIGH SCHOOL,465,1240115.87,District 2,2,076,28
,MANHATTAN INTERNATIONAL HIGH SCHOOL,330,880082.23,District 2,2,076,28
,TALENT UNLIMITED HIGH SCHOOL,533,1421466.15,District 2,2,076,28
,URBAN ACAD LABORATORY HIGH SCHOOL,145,386702.80,District 2,2,076,28
,PS 11 HIGHBRIDGE,754,2010854.56,District 9,9,077,29
,JHS 22 JORDAN L MOTT,577,1538810.45,District 9,9,077,33
,PS 53 BASHEER QUISIM,1255,3346979.40,District 9,9,077,32
,PS 64 PURA BELPRE,467,1245449.70,District 9,9,077,29
,PS 88 S SILVERSTEIN LITTLE SPARROW,213,568053.08,District 9,9,077,29
,PS 109 SEDGWICK,761,2029522.97,District 9,9,077,29
,PS 126 DR MARJORIE H DUNBAR,659,1757497.55,District 9,9,077,29
,JHS 145 ARTURO TOSCANINI,418,1114770.83,District 9,9,077,32
,PS 170,276,736068.78,District 9,9,077,29
,PS 199 THE SHAKESPEARE SCHOOL,737,1965516.99,District 9,9,077,29
,PS 204 MORRIS HEIGHTS,543,1448135.31,District 9,9,077,29
,IS 229 ROLAND PATTERSON,201,536050.09,District 9,9,077,29
,PS 230 DR ROLAND N PATTERSON,197,525382.42,District 9,9,077,29
,IS 232,540,1440134.56,District 9,9,077,29
,IS 303 LEADERSHIP & COMM SERVICE,329,877415.32,District 9,9,077,29
,IS 313 SCHOOL OF LEADERSHIP DEV,380,1013428.03,District 9,9,077,33
,BRONX WRITING ACADEMY,499,1330791.01,District 9,9,077,33
,URBAN SCIENCE ACADEMY,373,994759.61,District 9,9,077,32
,NEW MILLENNIUM BUSINESS ACAD MS,188,501380.18,District 9,9,077,32
,IS 339,601,1602816.43,District 9,9,077,33
,FAMILY SCHOOL (THE),520,1386796.24,District 9,9,077,32
,SHERIDAN ACADEMY FOR YOUNG LEADERS,616,1642820.17,District 9,9,077,32
,EAGLE ACADEMY FOR YOUNG MEN,647,1725494.56,District 9,9,077,33
,DREAMYARD PREPARATORY SCHOOL,346,922752.89,District 9,9,077,33
,ACADEMY FOR LANGUAGE AND TECHNOLOGY,303,808075.50,District 9,9,077,29
,BRONX HIGH SCHOOL OF BUSINESS,352,938754.38,District 9,9,077,33
,BRONX HIGH SCHOOL FOR MEDICAL SCIE,468,1248116.62,District 9,9,077,33
,J LEVIN HIGH SCHOOL-MEDIA & COMMUN,248,661395.13,District 9,9,077,33
,PS 226,510,1360127.09,District 10,10,077,33
,PS 188,464,1237448.96,District 75,75,078,33
,PS 8 ISSAC VARIAN,1196,3189631.36,District 10,10,078,36
,PS 32 BELMONT,804,2144200.35,District 10,10,078,33
,THOMAS C GIORDANO MS 45,784,2090862.03,District 10,10,078,34
,PS 46 EDGAR ALLEN POE,1292,3445655.29,District 10,10,078,33
,PS 51 BRONX NEW SCHOOL,241,642726.72,District 10,10,078,33
,PS 54 FORDHAM BEDFORD ACADEMY,458,1221447.46,District 10,10,078,33
,PS 159 LUIS MUNOZ MARIN BILING,187,498713.26,District 10,10,078,33
,PS 205 FIORELLO LAGUARDIA,1025,2733588.75,District 10,10,078,33
,JONAS BRONCK ACADEMY,258,688064.29,District 10,10,078,33
,PS 246 POE CENTER,755,2013521.47,District 10,10,078,33
,IS 254,425,1133439.24,District 10,10,078,34
,PS 340,624,1664155.49,District 10,10,078,33
,WEST BRONX ACAD FOR THE FUTURE,617,1645487.08,District 10,10,078,34
,"KNOWLEDGE, POWER PREP ACAD INTER HS",472,1258784.28,District 10,10,078,34
,BELMONT PREPARATORY HIGH SCHOOL,406,1082767.84,District 10,10,078,34
,FORDHAM HIGH SCHOOL FOR THE ARTS,403,1074767.09,District 10,10,078,34
,FORDHAM LEADERSHIP-BUS/TECH,460,1226781.29,District 10,10,078,34
,BRONX HIGH SCHOOL-LAW & COMM SVC,414,1104103.16,District 10,10,078,34
,CROTONA INTERNATIONAL HIGH SCHOOL,243,648060.55,District 10,10,078,33
,GRACE H DODGE CAREER AND TECH HS,408,1088101.67,District 10,10,078,33
,PS 96 RICHARD RODGERS,977,2605576.79,District 11,11,078,34
,PS 57 CRESCENT,524,1397463.91,District 12,12,078,33
,FANNIE LOU HAMER MIDDLE SCHOOL,250,666728.96,District 12,12,078,33
,PS 17,407,1085434.75,District 75,75,079,32
,PS 186 WALTER J DAMROSCH SCHOOL,568,1514808.21,District 75,75,079,32
,PS/MS 29 MELROSE SCHOOL,699,1864174.18,District 7,7,079,32
,PS/MS 31 THE WILLIAM LLOYD GARRISON,641,1709493.06,District 7,7,079,29
,JHS 151 LOU GEHRIG,275,733401.86,District 7,7,079,29
,PS 157 GROVE HILL,626,1669489.33,District 7,7,079,32
,SO BRONX ACADEMY-APPLIED MEDIA,378,1008094.19,District 7,7,079,32
,ACADEMY OF PUBLIC RELATIONS,352,938754.38,District 7,7,079,32
,JILL CHAIFETZ TRANSFER HIGH SCHOOL,163,434707.28,District 7,7,079,32
,MOTT HAVEN VILLAGE PREP HIGH SCHOOL,339,904084.47,District 7,7,079,32
,UNIVERSITY HEIGHTS SECONDARY SCHOOL,464,1237448.96,District 7,7,079,32
,PS 130 ABRAM STEVENS HEWITT,484,1290787.27,District 8,8,079,32
,PS 140 THE EAGLE SCHOOL,594,1584148.02,District 8,8,079,32
,PS 146 EDWARD COLLINS,418,1114770.83,District 8,8,079,32
,MS 301 PAUL L DUNBAR,224,597389.15,District 8,8,079,32
,JANE ADDAMS HS FOR ACADEMIC CAREERS,293,781406.35,District 8,8,079,32
,PS/MS 4 CROTONA PARK WEST,509,1357460.17,District 9,9,079,33
,PS 35 FRANZ SIEGEL,651,1736162.22,District 9,9,079,32
,PS 42 CLAREMONT,429,1144106.90,District 9,9,079,33
,PS 55 BENJAMIN FRANKLIN,659,1757497.55,District 9,9,079,33
,PS 63 AUTHOR'S ACADEMY,549,1464136.80,District 9,9,079,32
,PS 110 THEODORE SCHOENFELD,433,1154774.57,District 9,9,079,33
,MOTT HALL III,361,962756.62,District 9,9,079,33
,PS 132 GARRETT A MORGAN,491,1309455.69,District 9,9,079,32
,KAPPA,339,904084.47,District 9,9,079,33
,IS 219 NEW VENTURE SCHOOL,370,986758.87,District 9,9,079,33
,COMP MODEL SCH PROJECT MS 327,546,1456136.06,District 9,9,079,33
,GRANT AVENUE ELEMENTARY SCHOOL,431,1149440.73,District 9,9,079,32
,SCIENCE AND TECHNOLOGY ACADEMY,413,1101436.25,District 9,9,079,32
,URBAN ASSMBLY SCHOOL-APPL MATH,605,1613484.09,District 9,9,079,33
,EXIMIUS COLL PREP ACADEMY,422,1125438.49,District 9,9,079,33
,MOTT HALL BRONX HIGH SCHOOL,373,994759.61,District 9,9,079,33
,BRONX CENTER FOR SCI & MATH,458,1221447.46,District 9,9,079,33
,VALIDUS PREP ACADEMY,369,984091.95,District 9,9,079,33
,LEADERSHIP INSTITUTE,213,568053.08,District 9,9,079,33
,MORRIS ACADEMY FOR COLLA STUDIES,464,1237448.96,District 9,9,079,32
,BRONX EARLY COL ACAD-TEACH/LEARN,512,1365460.92,District 9,9,079,32
,BRONX INTERNATIONAL HIGH SCHOOL,395,1053431.76,District 9,9,079,32
,SCHOOL FOR EXCELLENCE,388,1034763.35,District 9,9,079,32
,"BRONX SCHOOL FOR LAW, GOV, JUSTICE",769,2050858.29,District 9,9,079,32
,FREDERICK DOUGLASS ACAD III,412,1098769.33,District 9,9,079,33
,HIGH SCHOOL FOR VIOLIN AND DANCE,376,1002760.36,District 9,9,079,32
,PS 44 DAVID C FARRAGUT,302,805408.59,District 12,12,079,33
,PS 50 CLARA BARTON,185,493379.43,District 12,12,079,32
,PS 61 FRANCISCO OLLER,337,898750.64,District 12,12,079,33
,PS 67 MOHEGAN SCHOOL,672,1792167.45,District 12,12,079,32
,PS 92,469,1250783.54,District 12,12,079,33
,JHS 98 HERMAN RIDDER,314,837411.58,District 12,12,079,33
,ACAD OF INDEPENDENT LRNING-LDERSHIP,514,1370794.75,District 12,12,079,33
,PS 134 GEORGE F BRISTOW,666,1776165.96,District 12,12,079,32
,ESMT-IS 190,253,674729.71,District 12,12,079,33
,PS 211,601,1602816.43,District 12,12,079,32
,PS 212,439,1170776.06,District 12,12,079,33
,PS 214,954,2544237.73,District 12,12,079,32
,FAIRMONT NEIGHBORHOOD SCHOOL,186,496046.35,District 12,12,079,33
,KAPPA III,338,901417.56,District 12,12,079,33
,"IS 318 MATH, SCIENCE & TECH THRO ART",333,888082.98,District 12,12,079,33
,ACCION ACADEMY,177,472044.11,District 12,12,079,33
,URBAN ASSEMBLY-WILDLIFE CONSERVATION,551,1469470.64,District 12,12,079,32
,URBAN SCHOLARS COMMUNITY SCHOOL,280,746736.44,District 12,12,079,32
,EXPLORATIONS ACADEMY,357,952088.96,District 12,12,079,33
,PERFORMANCE CONSERVATORY HS,31,82674.39,District 12,12,079,33
,BRONX LATIN SCHOOL,521,1389463.16,District 12,12,079,32
,EAST BRONX ACADEMY FOR THE FUTURE,604,1610817.18,District 12,12,079,33
,BRONX CAREER AND COLLEGE PREP HS,323,861413.82,District 12,12,079,32
,BRONX REGIONAL HIGH SCHOOL,187,498713.26,District 12,12,079,32
,BRONX ENVISION ACADEMY,236,629392.14,District 12,12,079,33
,PS 20 PO GEORGE J WERDAN III,1067,2845599.22,District 10,10,080,36
,PS 56 NORWOOD HEIGHTS,681,1816169.70,District 10,10,080,36
,JHS 80 THE MOSHOLU PARKWAY,622,1658821.66,District 10,10,080,36
,PS/MS 280 MOSHOLU PARKWAY,866,2309549.13,District 10,10,080,36
,PS 41 GUN HILL ROAD,875,2333551.37,District 11,11,080,36
,PS 76 THE BENNINGTON SCHOOL,1048,2794927.82,District 11,11,080,36
,PS 83 DONALD HERTZ,1680,4480418.64,District 11,11,080,34
,PS 89,1369,3651007.81,District 11,11,080,34
,PS 97,706,1882842.59,District 11,11,080,34
,PS 105 SEN ABRAHAM BERNSTEIN,1444,3851026.50,District 11,11,080,34
,PS 108 PHILIP J ABINANTI,587,1565479.61,District 11,11,080,34
,PS 121 THROOP,969,2584241.46,District 11,11,080,36
,JHS 144 MICHELANGELO,710,1893510.26,District 11,11,080,34
,ASPIRE PREPARATORY MIDDLE SCHOOL,96,256023.92,District 11,11,080,34
,BRONX GREEN MIDDLE SCHOOL,405,1080100.92,District 11,11,080,34
,PELHAM ACAD-ACADEMICS AND COMMUNITY,321,856079.99,District 11,11,080,34
,PS/MS 498 VAN NEST ACADEMY,514,1370794.75,District 11,11,080,34
,COLLEGIATE INST FOR MATH & SCI,654,1744162.97,District 11,11,080,34
,ASTOR COLLEGIATE ACADEMY,475,1266785.03,District 11,11,080,34
,CHRISTOPHER COLUMBUS HIGH SCHOOL,155,413371.96,District 11,11,080,34
,BRONX HIGH SCHOOL FOR THE VISUAL ART,498,1328124.10,District 11,11,080,34
,BRONXDALE HIGH SCHOOL,333,888082.98,District 11,11,080,34
,HIGH SCHOOL FOR LAN-INNO,249,664062.05,District 11,11,080,34
,GLOBAL ENTERPRISE HIGH SCHOOL,40,106676.63,District 11,11,080,34
,PELHAM PREPARATORY ACADEMY,481,1282786.53,District 11,11,080,34
,PS 7 KINGSBRIDGE,703,1874841.85,District 10,10,081,34
,PS 24 SPUYTEN DUYVIL,931,2482898.66,District 10,10,081,34
,PS 37 MULTIPLE INTELLIGENCE SCHOOL,635,1693491.57,District 10,10,081,34
,PS 81 ROBERT J CHRISTEN,647,1725494.56,District 10,10,081,34
,PS 86 KINGSBRIDGE HEIGHTS,1575,4200392.47,District 10,10,081,33
,PS 94 KINGS COLLEGE SCHOOL,1189,3170962.95,District 10,10,081,36
,PS 95 SHEILA MENCHER,1308,3488325.94,District 10,10,081,34
,PS 207,362,965423.54,District 10,10,081,33
,NEW SCHOOL-LEADERSHIP & JOURNAL,788,2101529.69,District 10,10,081,33
,LUISA PINEIRO FUENTES SCHOOL OF SCIENCE AND DISCOVERY,369,984091.95,District 10,10,081,33
,BRONX DANCE ACADEMY SCHOOL,238,634725.97,District 10,10,081,36
,AMPARK NEIGHBORHOOD,331,882749.15,District 10,10,081,34
,PS 360,483,1288120.36,District 10,10,081,33
,IN-TECH ACADEMY (MS/HS 368),1040,2773592.49,District 10,10,081,34
,RIVERDALE/KINGSBRIDGE (MS/HS 141),1353,3608337.15,District 10,10,081,34
,MARIE CURIE HIGH SCHOOL-NURSING,568,1514808.21,District 10,10,081,33
,KINGSBRIDGE INTNL HIGH SCHOOL,406,1082767.84,District 10,10,081,33
,INTERNATIONAL SCHOOL FOR LIBERAL ART,545,1453469.14,District 10,10,081,33
,HS FOR TEACHING AND PROFESSIONS,501,1336124.84,District 10,10,081,33
,DEWITT CLINTON HIGH SCHOOL,2707,7219341.22,District 10,10,081,34
,CELIA CRUZ BRONX HS OF MUSIC (THE),437,1165442.23,District 10,10,081,33
,BRONX HIGH SCHOOL OF SCIENCE,3037,8099423.45,District 10,10,081,34
,DISCOVERY HIGH SCHOOL,534,1424133.07,District 10,10,081,33
,HS AMER STUDIES AT LEHMAN COLL,388,1034763.35,District 10,10,081,34
,PS 16 WAKEFIELD,509,1357460.17,District 11,11,081,36
,PS 19 JUDITH K WEISS,492,1312122.60,District 11,11,081,34
,PS 103 HECTOR FONTANEZ,1125,3000280.34,District 11,11,081,36
,PS 10,500,1333457.93,District 75,75,082,34
,PS 12 LEWIS AND CLARK SCHOOL,245,653394.38,District 75,75,082,34
,PS 176,750,2000186.89,District 75,75,082,36
,PS 721 STEVEN MCSWEENEY SCHOOL,524,1397463.91,District 75,75,082,34
,PS 14 SENATOR JOHN CALANDRA,609,1624151.76,District 8,8,082,34
,PS 71 ROSE E SCALA,1714,4571093.78,District 8,8,082,34
,PS 72 DR WILLIAM DORNEY,820,2186871.00,District 8,8,082,34
,MS 101 EDWARD R BYRNE,486,1296121.11,District 8,8,082,34
,PS 304 EARLY CHILDHOOD SCHOOL,483,1288120.36,District 8,8,082,34
,URBAN ASSEMBLY ACAD-CIVIC ENGAGEMENT,161,429373.45,District 8,8,082,34
,URBAN INSTITUTE OF MATHEMATICS,289,770738.68,District 8,8,082,34
,MOTT HALL COMMUNITY SCHOOL,257,685397.37,District 8,8,082,34
,RENAISSANCE HIGH SCHOOL-MTT,451,1202779.05,District 8,8,082,34
,HERBERT H LEHMAN HIGH SCHOOL,2057,5485845.91,District 8,8,082,34
,PS 153 HELEN KELLER,662,1765498.30,District 11,11,082,36
,PS 160 WALT DISNEY,363,968090.46,District 11,11,082,36
,PS 175 CITY ISLAND,325,866747.65,District 11,11,082,34
,PS 178 DR SELMAN WAKSMAN,479,1277452.69,District 11,11,082,36
,MS 180 DR DANIEL HALE WILLIAMS,858,2288213.80,District 11,11,082,36
,IS 181 PABLO CASALS,873,2328217.54,District 11,11,082,36
,PS/MS 194,1406,3749683.69,District 11,11,082,34
,BRONX HEALTH SCIENCES HIGH SCHOOL,348,928086.72,District 11,11,082,36
,HARRY S TRUMAN HIGH SCHOOL,1911,5096476.20,District 11,11,082,36
,PS 723,540,1440134.56,District 75,75,083,36
,PS 21 PHILIP H SHERIDAN,688,1834838.11,District 11,11,083,36
,PS 68,758,2021522.22,District 11,11,083,36
,PS 78 ANNE HUTCHINSON,788,2101529.69,District 11,11,083,36
,PS 87,631,1682823.90,District 11,11,083,36
,PS 111 SETON FALLS,690,1840171.94,District 11,11,083,36
,PS 112 BRONXWOOD,423,1128105.41,District 11,11,083,36
,MS 142 JOHN PHILIP SOUSA,195,520048.59,District 11,11,083,36
,BAYCHESTER ACADEMY,397,1058765.59,District 11,11,083,36
,CORNERSTONE ACAD FOR SOCIAL ACTION,336,896083.73,District 11,11,083,36
,FORWARD SCHOOL (THE),256,682730.46,District 11,11,083,36
,YOUNG SCHOLARS ACADEMY-BRONX,326,869414.57,District 11,11,083,36
,SCHOOL OF DIPLOMACY,277,738735.69,District 11,11,083,36
,CORNERSTONE ACAD-SOCIAL ACTION-MS,247,658728.22,District 11,11,083,36
,ONE WORLD MS AT EDENWALD,345,920085.97,District 11,11,083,36
,BAYCHESTER MIDDLE SCHOOL,275,733401.86,District 11,11,083,36
,BRONX HIGH SCH-WRITING & COMM ARTS,401,1069433.26,District 11,11,083,36
,BRONX LAB SCHOOL,472,1258784.28,District 11,11,083,36
,ACAD-SCHOLARSHIP & ENTREPRENEURSHIP,439,1170776.06,District 11,11,083,36
,GLOBE SCHOOL-ENVIRNM RESEARCH,298,794740.92,District 11,11,083,36
,HIGH SCHOOL-COMPUTERS & TECHNOLOGY,549,1464136.80,District 11,11,083,36
,BRONX ACADEMY OF HEALTH CAREERS,453,1208112.88,District 11,11,083,36
,NEW WORLD HIGH SCHOOL,408,1088101.67,District 11,11,083,36
,BRONXWOOD PREP ACADEMY (THE),402,1072100.17,District 11,11,083,36
,HIGH SCHOOL OF CONTEMPORARY ARTS,509,1357460.17,District 11,11,083,36
,BRONX AEROSPACE HIGH SCHOOL,396,1056098.68,District 11,11,083,36
,PS 168,482,1285453.44,District 75,75,084,29
,VIDA BOGART SCHOOL FOR ALL CHILDREN,514,1370794.75,District 75,75,084,32
,JM RAPPORT SCHOOL FOR CAREER DVLPMNT,575,1533476.62,District 75,75,084,29
,PS 1 COURTLANDT SCHOOL,645,1720160.73,District 7,7,084,29
,PS 5 PORT MORRIS,655,1746829.89,District 7,7,084,29
,PS 18 JOHN PETER ZENGER,506,1349459.42,District 7,7,084,29
,PS 25 BILINGUAL SCHOOL,438,1168109.14,District 7,7,084,29
,PS 30 WILTON,520,1386796.24,District 7,7,084,29
,PS 43 JONAS BRONCK,465,1240115.87,District 7,7,084,29
,PS 49 WILLIS AVENUE,622,1658821.66,District 7,7,084,29
,PS 65 MOTHER HALE ACADEMY,425,1133439.24,District 7,7,084,29
,PS 154 JONATHAN D HYATT,412,1098769.33,District 7,7,084,29
,PS 161 PONCE DE LEON,497,1325457.18,District 7,7,084,29
,JHS 162 LOLA RODRIGUEZ DE TIO,390,1040097.18,District 7,7,084,32
,PS 179,346,922752.89,District 7,7,084,29
,MS 203,173,461376.44,District 7,7,084,29
,MS 223 LAB SCHOOL OF FIN & TECH,452,1205445.97,District 7,7,084,29
,PS/IS 224,330,880082.23,District 7,7,084,29
,PS 277,395,1053431.76,District 7,7,084,29
,ACADEMY OF APPLIED MATH AND TECH,296,789407.09,District 7,7,084,29
,YOUNG LEADERS ELEMENTARY SCHOOL,280,746736.44,District 7,7,084,29
,PERFORMANCE SCHOOL,231,616057.56,District 7,7,084,29
,SOUTH BRONX PREPARATORY,644,1717493.81,District 7,7,084,29
,CROTONA ACADEMY HIGH SCHOOL,97,258690.84,District 7,7,084,32
,INTERNATIONAL COMMUNITY HIGH SCHOOL,406,1082767.84,District 7,7,084,29
,BRONX HAVEN HIGH SCHOOL,149,397370.46,District 7,7,084,29
,COMMUNITY SCHOOL-SOCIAL JUSTICE,335,893416.81,District 7,7,084,29
,HOSTOS-LINCOLN ACADEMY OF SCIENCE,531,1416132.32,District 7,7,084,29
,FOREIGN LANG ACAD OF GLOBAL STUDIES,178,474711.02,District 7,7,084,29
,BRONX DESIGN-CONSTRUCTION ACADEMY,427,1138773.07,District 7,7,084,29
,BRONX LEADERSHIP ACAD II HIGH SCHOOL,515,1373461.67,District 7,7,084,29
,NEW EXPLORERS HIGH SCHOOL,461,1229448.21,District 7,7,084,29
,URBAN ASSEMBLY SCHOOL CAR IN SPORTS,566,1509474.37,District 7,7,084,29
,URBAN ASSEMBLY BRONX OF LETTERS,577,1538810.45,District 7,7,084,29
,ALFRED E SMITH CAREER-TECH HIGH SCH,393,1048097.93,District 7,7,084,29
,SAMUEL GOMPERS CAREER/TECH ED HS,236,629392.14,District 7,7,084,29
,HEALTH OPPORTUNITIES HIGH SCHOOL,582,1552145.03,District 7,7,084,29
,PS 48 JOSEPH R DRAKE,752,2005520.72,District 8,8,084,34
,PS 62 INOCENSIO CASANOVA,698,1861507.27,District 8,8,084,32
,MS 302 LUISA DESSUS CRUZ,600,1600149.51,District 8,8,084,32
,HUNTS POINT SCHOOL (THE),356,949422.04,District 8,8,084,32
,HOLCOMBE L RUCKER SCHOOL OF COMMUNIT,248,661395.13,District 8,8,084,32
,BANANA KELLY HIGH SCHOOL,347,925419.80,District 8,8,084,32
,PS 73 BRONX,824,2197538.66,District 9,9,084,29
,PS 114 LUIS LORENS TORRES SCHOOL,856,2282879.97,District 9,9,084,29
,PS/IS 218 R H DUAL LANG MAGNET,931,2482898.66,District 9,9,084,29
,PS 811,624,1664155.49,District 75,75,085,32
,PS 69 JOURNEY PREP SCHOOL,539,1437467.65,District 8,8,085,34
,PS 75,549,1464136.80,District 8,8,085,32
,PS 93 ALBERT G OLIVER,331,882749.15,District 8,8,085,32
,PS 100 ISAAC CLASON,568,1514808.21,District 8,8,085,32
,PS 107,477,1272118.86,District 8,8,085,34
,JHS 123 JAMES M KIERNAN,486,1296121.11,District 8,8,085,32
,JHS 131 ALBERT EINSTEIN,718,1914845.58,District 8,8,085,34
,PS 152 EVERGREEN,896,2389556.61,District 8,8,085,32
,PS 333 THE MUSEUM SCHOOL,406,1082767.84,District 8,8,085,32
,ACADEMY OF THE ARTS (THE),260,693398.12,District 8,8,085,32
,SCHOOL FOR INQUIRY & SOCIAL JUSTICE,320,853413.07,District 8,8,085,32
,BRONX MATHEMATICS PREP SCH (THE),278,741402.61,District 8,8,085,34
,SOUNDVIEW ACADEMY,304,810742.42,District 8,8,085,34
,BRONX STUDIO SCHOOL-WRITERS-ARTISTS,548,1461469.89,District 8,8,085,32
,WOMEN'S ACADEMY OF EXCELLENCE,370,986758.87,District 8,8,085,34
,"ARCHIMEDES ACAD-MATH, SCI, TECH",642,1712159.98,District 8,8,085,34
,F R DE GAUTIER INST-LAW & POLICY,329,877415.32,District 8,8,085,34
,BRONX ARENA HIGH SCHOOL,186,496046.35,District 8,8,085,34
,BRONX COMPASS HIGH SCHOOL,186,496046.35,District 8,8,085,34
,PS 66 SCHOOL OF HIGHER EXPECTATIONS,614,1637486.34,District 12,12,085,32
,PS 150 CHARLES JAMES FOX,882,2352219.78,District 12,12,085,32
,PS 195,905,2413558.85,District 12,12,085,32
,PS 196,881,2349552.87,District 12,12,085,32
,MOTT HALL V,656,1749496.80,District 12,12,085,32
,FREDERICK DOUGLASS ACAD V MIDDLE SCH,257,685397.37,District 12,12,085,32
,SCHOOL OF SCIENCE & APPLIED LRNG,576,1536143.53,District 12,12,085,32
,ENTRADA ACADEMY,318,848079.24,District 12,12,085,32
,METROPOLITAN HIGH SCHOOL (THE),314,837411.58,District 12,12,085,32
,PEACE AND DIVERSITY ACADEMY,175,466710.27,District 12,12,085,32
,PAN AMERICAN INTERNATIONAL HS-MONROE,391,1042764.10,District 12,12,085,32
,ARTURO A SCHOMBURG SATTELLITE-BRONX,199,530716.26,District 12,12,085,32
,CINEMA SCHOOL (THE),316,842745.41,District 12,12,085,32
,METROPOLITAN SOUNDVIEW HIGH (THE),308,821410.08,District 12,12,085,32
,HIGH SCHOOL OF WORLD CULTURES,337,898750.64,District 12,12,085,32
,FANNIE LOU HAMER FREEDOM HS,487,1298788.02,District 12,12,085,32
,MONROE ACAD FOR BUSINESS/LAW,47,125345.05,District 12,12,085,32
,MONROE ACAD FOR VISUAL ARTS & DESIGN,464,1237448.96,District 12,12,085,32
,PS 28 MOUNT HOPE,700,1866841.10,District 9,9,086,33
,PS 58,454,1210779.80,District 9,9,086,33
,PS 70 MAX SCHOENFELD,1393,3715013.79,District 9,9,086,33
,IS 117 JOSEPH H WADE,635,1693491.57,District 9,9,086,33
,PS 163 ARTHUR A SCHOMBERG,579,1544144.28,District 9,9,086,33
,PS 236 LANGSTON HUGHES,382,1018761.86,District 9,9,086,33
,BRONX LEADERSHIP ACAD HIGH SCHOOL,706,1882842.59,District 9,9,086,33
,PS 3 RAUL JULIA MICRO SOCIETY,341,909418.31,District 10,10,086,33
,PS 9 RYER AVENUE ELEMENTARY SCHOOL,770,2053525.21,District 10,10,086,33
,PS 15 INST FOR ENVIRON LRNG,508,1354793.25,District 10,10,086,33
,PS 23 THE NEW CHILDREN'S SCHOOL,562,1498806.71,District 10,10,086,33
,PS 33 TIMOTHY DWIGHT,1043,2781593.24,District 10,10,086,33
,PS 59 THE COMM SCHOOL OF TECHNOLOGY,521,1389463.16,District 10,10,086,33
,PS 85 GREAT EXPECTATIONS,998,2661582.02,District 10,10,086,33
,PS 91 BRONX,703,1874841.85,District 10,10,086,33
,JHS 118 WILLIAM W NILES,1192,3178963.70,District 10,10,086,33
,IS 206 ANN MERSEREAU,302,805408.59,District 10,10,086,33
,PS 209,214,570719.99,District 10,10,086,33
,THEATRE ARTS PROD COMPANY SCHOOL,582,1552145.03,District 10,10,086,33
,PS 279 CAPT MANUEL RIVERA JR,1046,2789593.98,District 10,10,086,33
,PS 291,679,1810835.87,District 10,10,086,33
,PS 306,760,2026856.05,District 10,10,086,29
,PS 310 MARBLE HILL,707,1885509.51,District 10,10,086,33
,PS 315 LAB SCHOOL,265,706732.70,District 10,10,086,33
,BRONX SCHOOL OF YOUNG LEADERS (THE),382,1018761.86,District 10,10,086,29
,ACAD-PERSONAL LDSHP AND EXCELLENCE,402,1072100.17,District 10,10,086,33
,"ELEM SCHOOL FOR MATH, SCIENCE, TECH",297,792074.01,District 10,10,086,33
,SCHOOL FOR ENVIRONMENTAL CITIZENSHIP,455,1213446.71,District 10,10,086,33
,MS 390,404,1077434.01,District 10,10,086,33
,ANGELO PATRI MIDDLE SCHOOL (THE),583,1554811.94,District 10,10,086,33
,PS 396,347,925419.80,District 10,10,086,33
,CRESTON ACADEMY,469,1250783.54,District 10,10,086,33
,PULSE HIGH SCHOOL,213,568053.08,District 10,10,086,33
,EAST FORDHAM ACADEMY-ARTS,361,962756.62,District 10,10,086,33
,PS 36 UNIONPORT,666,1776165.96,District 8,8,087,34
,PS 119,960,2560239.22,District 8,8,087,34
,JHS 125 HENRY HUDSON,450,1200112.13,District 8,8,087,32
,PS 138 SAMUEL RANDALL,787,2098862.78,District 8,8,087,34
,PS 182,923,2461563.33,District 8,8,087,34
,MILLENIUM ART ACADEMY,485,1293454.19,District 8,8,087,32
,GATEWAY SCHOOL-ENVIR AND TECH,170,453375.70,District 8,8,087,32
,PABLO NERUDA ACADEMY,326,869414.57,District 8,8,087,32
,ANTONIA PANTOJA PREP ACADEMY,463,1234782.04,District 8,8,087,32
,BRONX COMMUNITY HIGH SCHOOL,159,424039.62,District 8,8,087,32
,BRONX BRIDGES HIGH SCHOOL,320,853413.07,District 8,8,087,32
,BRONX GUILD HIGH SCHOOL,318,848079.24,District 8,8,087,32
,SCH-COMMUNITY RESEARCH & LEARNING,35,93342.05,District 8,8,087,32
,PS 106 PARKCHESTER,1163,3101623.14,District 11,11,087,32
,JHS 127 THE CASTLE HILL,740,1973517.73,District 11,11,087,32
,PS 6 WEST FARMS,547,1458802.97,District 12,12,087,32
,PS 47 JOHN RANDOLPH,1145,3053618.65,District 12,12,087,32
,PS 102 JOSEPH O LORETAN,118,314696.07,District 12,12,087,32
,SCHOOL OF PERFORMING ARTS,354,944088.21,District 12,12,087,32
,EMOLIOR ACADEMY,249,664062.05,District 12,12,087,32
,ARCHER ELEMENTARY SCHOOL,404,1077434.01,District 12,12,087,32
,PS 536,319,850746.16,District 12,12,087,32
,WINGS ACADEMY,521,1389463.16,District 12,12,087,33
,BRONX LITTLE SCHOOL,354,944088.21,District 12,12,087,32
,NYC Department of Education - All Schools,948261,2528932296.00,All Districts,,,